Effective date ;SPGTCLEN;CL=F;;;;;;;
2011-03-31;1199,18;104.309998;;;;;;;
2011-04-01;1199,06;106.620003;;;;;;;
2011-04-04;1202,59;108.290001;;;;;;;
2011-04-05;1195,9;108.199997;;;;;;;
2011-04-06;1189,41;107.989998;;;;;;;
2011-04-07;1169,07;108.669998;;;;;;;
2011-04-08;1173,4;110.320000;;;;;;;
2011-04-11;1165,88;113.279999;;;;;;;
2011-04-12;1150,59;108.970001;;;;;;;
2011-04-13;1162,86;106.019997;;;;;;;
2011-04-14;1147;107.320000;;;;;;;
2011-04-15;1132;108.449997;;;;;;;
2011-04-18;1097,05;109.430000;;;;;;;
2011-04-19;1101,64;107.519997;;;;;;;
2011-04-20;1117,41;108.449997;;;;;;;
2011-04-21;1121,85;111.370003;;;;;;;
2011-04-22;1121,85;112.339996;;;;;;;
2011-04-25;1120,69;112.150002;;;;;;;
2011-04-26;1129,2;111.889999;;;;;;;
2011-04-27;1126,04;113.129997;;;;;;;
2011-04-28;1137,05;112.820000;;;;;;;
2011-04-29;1171,83;113.889999;;;;;;;
2011-05-02;1159,16;112.980003;;;;;;;
2011-05-03;1140,64;110.680000;;;;;;;
2011-05-04;1114,12;108.779999;;;;;;;
2011-05-05;1100,35;99.760002;;;;;;;
2011-05-06;1106,73;98.110001;;;;;;;
2011-05-09;1099,25;102.440002;;;;;;;
2011-05-10;1111,57;103.690002;;;;;;;
2011-05-11;1102,81;98.589996;;;;;;;
2011-05-12;1105,96;98.809998;;;;;;;
2011-05-13;1092,79;99.360001;;;;;;;
2011-05-16;1085,39;96.980003;;;;;;;
2011-05-17;1073,2;97.570000;;;;;;;
2011-05-18;1081;99.760002;;;;;;;
2011-05-19;1077,86;98.599998;;;;;;;
2011-05-20;1060,92;99.680000;;;;;;;
2011-05-23;1035,39;97.540001;;;;;;;
2011-05-24;1029,39;99.269997;;;;;;;
2011-05-25;1021,73;101.239998;;;;;;;
2011-05-26;1020,58;100.160004;;;;;;;
2011-05-27;1032,03;100.690002;;;;;;;
2011-05-30;1046,46;102.680000;;;;;;;
2011-05-31;1071,21;99.790001;;;;;;;
2011-06-01;1043,95;100.870003;;;;;;;
2011-06-02;1044,05;100.419998;;;;;;;
2011-06-03;1049,18;98.820000;;;;;;;
2011-06-06;1038,23;99.580002;;;;;;;
2011-06-07;1047,87;100.830002;;;;;;;
2011-06-08;1018,11;101.839996;;;;;;;
2011-06-09;1017,01;98.769997;;;;;;;
2011-06-10;1004,58;97.089996;;;;;;;
2011-06-13;1006,87;99.680000;;;;;;;
2011-06-14;1034,26;95.290001;;;;;;;
2011-06-15;1002,84;95.099998;;;;;;;
2011-06-16;994,7;92.800003;;;;;;;
2011-06-17;998,68;93.489998;;;;;;;
2011-06-20;987,68;93.760002;;;;;;;
2011-06-21;1003,13;94.400002;;;;;;;
2011-06-22;1007,71;92.290001;;;;;;;
2011-06-23;993,04;91.160004;;;;;;;
2011-06-24;983,49;90.709999;;;;;;;
2011-06-27;986,95;93.370003;;;;;;;
2011-06-28;1000,75;95.080002;;;;;;;
2011-06-29;1016,68;95.120003;;;;;;;
2011-06-30;1033,42;94.980003;;;;;;;
2011-07-01;1036,94;97.000000;;;;;;;
2011-07-04;1041,78;97.040001;;;;;;;
2011-07-05;1030,7;98.790001;;;;;;;
2011-07-06;1010,85;96.099998;;;;;;;
2011-07-07;1016,01;95.089996;;;;;;;
2011-07-08;999,54;96.720001;;;;;;;
2011-07-11;965,91;97.589996;;;;;;;
2011-07-12;945,74;96.029999;;;;;;;
2011-07-13;961,72;97.370003;;;;;;;
2011-07-14;950,29;96.160004;;;;;;;
2011-07-15;950,69;98.110001;;;;;;;
2011-07-18;929,41;98.360001;;;;;;;
2011-07-19;949,39;99.199997;;;;;;;
2011-07-20;962,93;99.760002;;;;;;;
2011-07-21;977,07;99.150002;;;;;;;
2011-07-22;987,53;99.180000;;;;;;;
2011-07-25;972,63;97.269997;;;;;;;
2011-07-26;972,08;97.160004;;;;;;;
2011-07-27;942,77;96.199997;;;;;;;
2011-07-28;933,23;95.019997;;;;;;;
2011-07-29;935,01;93.150002;;;;;;;
2011-08-01;926,21;91.940002;;;;;;;
2011-08-02;902,05;86.500000;;;;;;;
2011-08-03;889,94;85.709999;;;;;;;
2011-08-04;834,72;81.099998;;;;;;;
2011-08-05;820,91;81.900002;;;;;;;
2011-08-08;756,71;81.949997;;;;;;;
2011-08-09;790,75;85.550003;;;;;;;
2011-08-10;772,33;85.589996;;;;;;;
2011-08-11;811,39;87.680000;;;;;;;
2011-08-12;813,87;87.099998;;;;;;;
2011-08-15;845,17;87.410004;;;;;;;
2011-08-16;835,02;81.300003;;;;;;;
2011-08-17;837,32;82.419998;;;;;;;
2011-08-18;786,44;84.449997;;;;;;;
2011-08-19;762,97;85.669998;;;;;;;
2011-08-22;760,9;85.169998;;;;;;;
2011-08-23;790,46;85.089996;;;;;;;
2011-08-24;802,8;85.330002;;;;;;;
2011-08-25;793,05;87.510002;;;;;;;
2011-08-26;809,31;88.790001;;;;;;;
2011-08-29;840,17;88.730003;;;;;;;
2011-08-30;837,05;88.779999;;;;;;;
2011-08-31;842,65;86.459999;;;;;;;
2011-09-01;824,99;86.500000;;;;;;;
2011-09-02;791,99;90.110001;;;;;;;
2011-09-05;776,69;88.769997;;;;;;;
2011-09-06;755,55;86.699997;;;;;;;
2011-09-07;773,66;88.949997;;;;;;;
2011-09-08;759,44;89.879997;;;;;;;
2011-09-09;719,21;88.599998;;;;;;;
2011-09-12;704,91;89.110001;;;;;;;
2011-09-13;710,41;87.750000;;;;;;;
2011-09-14;722,09;85.839996;;;;;;;
2011-09-15;720,46;86.510002;;;;;;;
2011-09-16;708,14;84.809998;;;;;;;
2011-09-19;680,6;80.400002;;;;;;;
2011-09-20;661,78;79.639999;;;;;;;
2011-09-21;643,75;81.480003;;;;;;;
2011-09-22;604,95;83.760002;;;;;;;
2011-09-23;613,84;80.669998;;;;;;;
2011-09-26;615,85;83.070000;;;;;;;
2011-09-27;633,19;78.919998;;;;;;;
2011-09-28;611,35;76.400002;;;;;;;
2011-09-29;610,09;78.250000;;;;;;;
2011-09-30;591,4;79.709999;;;;;;;
2011-10-03;556,35;82.570000;;;;;;;
2011-10-04;562,97;82.750000;;;;;;;
2011-10-05;581,53;85.699997;;;;;;;
2011-10-06;614,39;85.199997;;;;;;;
2011-10-07;593,84;84.930000;;;;;;;
2011-10-10;610,01;84.470001;;;;;;;
2011-10-11;602,18;87.480003;;;;;;;
2011-10-12;615,41;86.199997;;;;;;;
2011-10-13;616,34;88.260002;;;;;;;
2011-10-14;624,33;86.099998;;;;;;;
2011-10-17;603,13;86.500000;;;;;;;
2011-10-18;610,2;87.050003;;;;;;;
2011-10-19;599,84;91.690002;;;;;;;
2011-10-20;598,67;92.589996;;;;;;;
2011-10-21;599,23;90.980003;;;;;;;
2011-10-24;623,16;93.930000;;;;;;;
2011-10-25;608,12;93.529999;;;;;;;
2011-10-26;614,02;92.580002;;;;;;;
2011-10-27;658,93;91.599998;;;;;;;
2011-10-28;662,63;92.989998;;;;;;;
2011-10-31;622,28;94.239998;;;;;;;
2011-11-01;594,27;94.260002;;;;;;;
2011-11-02;602,4;95.870003;;;;;;;
2011-11-03;602,32;96.809998;;;;;;;
2011-11-04;607,15;95.750000;;;;;;;
2011-11-07;609,7;97.510002;;;;;;;
2011-11-08;604,84;99.300003;;;;;;;
2011-11-09;588,81;98.040001;;;;;;;
2011-11-10;580,38;99.320000;;;;;;;
2011-11-11;597,43;101.760002;;;;;;;
2011-11-14;589,54;98.610001;;;;;;;
2011-11-15;580,71;97.540001;;;;;;;
2011-11-16;577,89;97.199997;;;;;;;
2011-11-17;572,88;97.790001;;;;;;;
2011-11-18;567,64;null;;;;;;;
2011-11-21;551,39;97.500000;;;;;;;
2011-11-22;552,59;97.750000;;;;;;;
2011-11-23;542,44;99.480003;;;;;;;
2011-11-24;543,37;100.510002;;;;;;;
2011-11-25;536,29;100.000000;;;;;;;
2011-11-28;553,82;101.230003;;;;;;;
2011-11-29;553,46;100.449997;;;;;;;
2011-11-30;580,86;101.110001;;;;;;;
2011-12-01;583,01;100.839996;;;;;;;
2011-12-02;580,11;98.080002;;;;;;;
2011-12-05;584,25;99.580002;;;;;;;
2011-12-06;574,9;97.849998;;;;;;;
2011-12-07;580,17;100.330002;;;;;;;
2011-12-08;566,91;94.889999;;;;;;;
2011-12-09;571,06;93.419998;;;;;;;
2011-12-12;558,33;93.760002;;;;;;;
2011-12-13;552,33;94.139999;;;;;;;
2011-12-14;537,15;97.529999;;;;;;;
2011-12-15;538,33;99.029999;;;;;;;
2011-12-16;540,15;99.480003;;;;;;;
2011-12-19;532,29;99.919998;;;;;;;
2011-12-20;546,05;101.250000;;;;;;;
2011-12-21;544,57;99.589996;;;;;;;
2011-12-22;551,42;99.779999;;;;;;;
2011-12-23;556;99.699997;;;;;;;
2011-12-26;554,24;102.989998;;;;;;;
2011-12-27;551,5;103.290001;;;;;;;
2011-12-28;543,82;101.349998;;;;;;;
2011-12-29;548,33;101.919998;;;;;;;
2011-12-30;556,14;101.300003;;;;;;;
2012-01-02;560,97;102.199997;;;;;;;
2012-01-03;569,01;101.000000;;;;;;;
2012-01-04;562,62;99.199997;;;;;;;
2012-01-05;556,18;98.949997;;;;;;;
2012-01-06;553,65;100.910004;;;;;;;
2012-01-09;559,45;101.139999;;;;;;;
2012-01-10;571,65;100.389999;;;;;;;
2012-01-11;589,51;98.339996;;;;;;;
2012-01-12;599,79;99.879997;;;;;;;
2012-01-13;584,38;99.199997;;;;;;;
2012-01-16;583,51;99.959999;;;;;;;
2012-01-17;591,68;99.930000;;;;;;;
2012-01-18;603,51;100.000000;;;;;;;
2012-01-19;597,9;98.879997;;;;;;;
2012-01-20;597,26;98.379997;;;;;;;
2012-01-23;596,52;97.110001;;;;;;;
2012-01-24;590,88;96.610001;;;;;;;
2012-01-25;592,22;97.739998;;;;;;;
2012-01-26;602,26;97.129997;;;;;;;
2012-01-27;613,81;98.769997;;;;;;;
2012-01-30;605,24;99.099998;;;;;;;
2012-01-31;600,1;99.889999;;;;;;;
2012-02-01;607,74;99.330002;;;;;;;
2012-02-02;613,91;100.730003;;;;;;;
2012-02-03;622,92;100.900002;;;;;;;
2012-02-06;625,75;101.900002;;;;;;;
2012-02-07;633,12;102.349998;;;;;;;
2012-02-08;640,18;104.650002;;;;;;;
2012-02-09;666,18;106.010002;;;;;;;
2012-02-10;652,91;105.949997;;;;;;;
2012-02-13;647,13;108.660004;;;;;;;
2012-02-14;636,54;109.669998;;;;;;;
2012-02-15;634,1;107.949997;;;;;;;
2012-02-16;634,48;106.459999;;;;;;;
2012-02-17;647,15;106.820000;;;;;;;
2012-02-20;651,88;108.750000;;;;;;;
2012-02-21;653,85;106.750000;;;;;;;
2012-02-22;648,11;107.110001;;;;;;;
2012-02-23;630,34;104.930000;;;;;;;
2012-02-24;623,77;106.239998;;;;;;;
2012-02-27;618,43;106.910004;;;;;;;
2012-02-28;623,44;107.500000;;;;;;;
2012-02-29;612,62;106.550003;;;;;;;
2012-03-01;611,78;106.690002;;;;;;;
2012-03-02;613,96;105.500000;;;;;;;
2012-03-05;605,96;105.440002;;;;;;;
2012-03-06;590,3;107.180000;;;;;;;
2012-03-07;588,38;107.820000;;;;;;;
2012-03-08;594,89;106.330002;;;;;;;
2012-03-09;600,77;106.809998;;;;;;;
2012-03-12;593,92;105.519997;;;;;;;
2012-03-13;604,39;106.790001;;;;;;;
2012-03-14;599,66;107.089996;;;;;;;
2012-03-15;605,23;106.809998;;;;;;;
2012-03-16;609,52;105.580002;;;;;;;
2012-03-19;604,39;103.290001;;;;;;;
2012-03-20;602,17;103.269997;;;;;;;
2012-03-21;594,86;105.040001;;;;;;;
2012-03-22;591,79;104.089996;;;;;;;
2012-03-23;597,32;101.959999;;;;;;;
2012-03-26;598,56;102.529999;;;;;;;
2012-03-27;598,89;102.330002;;;;;;;
2012-03-28;585,49;100.940002;;;;;;;
2012-03-29;581,09;102.550003;;;;;;;
2012-03-30;581,37;103.660004;;;;;;;
2012-04-02;579,94;102.800003;;;;;;;
2012-04-03;577,96;103.150002;;;;;;;
2012-04-04;565,38;104.220001;;;;;;;
2012-04-05;567,7;102.730003;;;;;;;
2012-04-06;568,16;102.570000;;;;;;;
2012-04-09;561,46;103.820000;;;;;;;
2012-04-10;557,07;103.110001;;;;;;;
2012-04-11;562,04;103.760002;;;;;;;
2012-04-12;564,32;103.959999;;;;;;;
2012-04-13;555;104.099998;;;;;;;
2012-04-16;555,04;104.930000;;;;;;;
2012-04-17;563,48;104.889999;;;;;;;
2012-04-18;559,08;105.980003;;;;;;;
2012-04-19;554,11;105.389999;;;;;;;
2012-04-20;550,87;102.589996;;;;;;;
2012-04-23;536,03;98.050003;;;;;;;
2012-04-24;537,85;97.959999;;;;;;;
2012-04-25;540,18;97.379997;;;;;;;
2012-04-26;538,96;96.449997;;;;;;;
2012-04-27;542,33;96.529999;;;;;;;
2012-04-30;540,01;95.790001;;;;;;;
2012-05-01;542,43;93.910004;;;;;;;
2012-05-02;538,81;93.160004;;;;;;;
2012-05-03;529,32;92.769997;;;;;;;
2012-05-04;526,04;92.860001;;;;;;;
2012-05-07;519,56;91.269997;;;;;;;
2012-05-08;514,76;92.639999;;;;;;;
2012-05-09;508,89;91.540001;;;;;;;
2012-05-10;512,06;90.529999;;;;;;;
2012-05-11;507,13;90.790001;;;;;;;
2012-05-14;494,47;91.000000;;;;;;;
2012-05-15;481,24;90.860001;;;;;;;
2012-05-16;472,39;87.550003;;;;;;;
2012-05-17;465,14;86.440002;;;;;;;
2012-05-18;450,58;82.959999;;;;;;;
2012-05-21;451,45;84.139999;;;;;;;
2012-05-22;453,62;84.120003;;;;;;;
2012-05-23;447,71;85.500000;;;;;;;
2012-05-24;448,81;83.629997;;;;;;;
2012-05-25;448,13;85.720001;;;;;;;
2012-05-28;449,93;81.180000;;;;;;;
2012-05-29;453,12;83.510002;;;;;;;
2012-05-30;447,84;82.440002;;;;;;;
2012-05-31;444,92;84.330002;;;;;;;
2012-06-01;435,84;85.089996;;;;;;;
2012-06-04;431,72;83.059998;;;;;;;
2012-06-05;436,2;84.040001;;;;;;;
2012-06-06;442,27;81.080002;;;;;;;
2012-06-07;445,22;78.110001;;;;;;;
2012-06-08;444,9;80.199997;;;;;;;
2012-06-11;441,13;79.230003;;;;;;;
2012-06-12;447,17;79.470001;;;;;;;
2012-06-13;444,89;80.480003;;;;;;;
2012-06-14;444,48;78.459999;;;;;;;
2012-06-15;456,3;84.650002;;;;;;;
2012-06-18;455,9;null;;;;;;;
2012-06-19;463,92;87.750000;;;;;;;
2012-06-20;468,53;86.730003;;;;;;;
2012-06-21;458,73;84.199997;;;;;;;
2012-06-22;457,55;85.839996;;;;;;;
2012-06-25;449,48;84.010002;;;;;;;
2012-06-26;446,13;86.199997;;;;;;;
2012-06-27;449,87;85.860001;;;;;;;
2012-06-28;449,32;87.129997;;;;;;;
2012-06-29;462,52;88.260002;;;;;;;
2012-07-02;464,41;89.129997;;;;;;;
2012-07-03;469,36;90.080002;;;;;;;
2012-07-04;469,53;92.220001;;;;;;;
2012-07-05;462,56;91.610001;;;;;;;
2012-07-06;457,83;88.050003;;;;;;;
2012-07-09;449,27;88.199997;;;;;;;
2012-07-10;446,75;89.099998;;;;;;;
2012-07-11;446,27;89.430000;;;;;;;
2012-07-12;442,54;90.139999;;;;;;;
2012-07-13;441,76;89.669998;;;;;;;
2012-07-16;440,15;88.029999;;;;;;;
2012-07-17;436,39;88.870003;;;;;;;
2012-07-18;428,3;87.260002;;;;;;;
2012-07-19;429,52;91.339996;;;;;;;
2012-07-20;419,67;92.050003;;;;;;;
2012-07-23;406,98;93.410004;;;;;;;
2012-07-24;398,53;93.430000;;;;;;;
2012-07-25;392,63;93.459999;;;;;;;
2012-07-26;399,72;93.250000;;;;;;;
2012-07-27;406,01;92.709999;;;;;;;
2012-07-30;399,04;93.250000;;;;;;;
2012-07-31;406,05;94.209999;;;;;;;
2012-08-01;402,17;95.230003;;;;;;;
2012-08-02;402,68;96.360001;;;;;;;
2012-08-03;409,97;95.970001;;;;;;;
2012-08-06;421,9;96.940002;;;;;;;
2012-08-07;431,86;97.300003;;;;;;;
2012-08-08;435,1;96.059998;;;;;;;
2012-08-09;437,67;96.669998;;;;;;;
2012-08-10;433,51;95.660004;;;;;;;
2012-08-13;429,62;96.080002;;;;;;;
2012-08-14;432,89;95.300003;;;;;;;
2012-08-15;429,95;94.750000;;;;;;;
2012-08-16;437,66;96.379997;;;;;;;
2012-08-17;442,24;95.610001;;;;;;;
2012-08-20;444,95;96.000000;;;;;;;
2012-08-21;451,57;94.699997;;;;;;;
2012-08-22;446,99;96.239998;;;;;;;
2012-08-23;448,34;96.290001;;;;;;;
2012-08-24;445,94;96.849998;;;;;;;
2012-08-27;442,22;96.930000;;;;;;;
2012-08-28;444,2;98.040001;;;;;;;
2012-08-29;437,94;99.150002;;;;;;;
2012-08-30;423,94;96.709999;;;;;;;
2012-08-31;427,43;95.489998;;;;;;;
2012-09-03;429,02;91.769997;;;;;;;
2012-09-04;426,15;92.930000;;;;;;;
2012-09-05;423;93.180000;;;;;;;
2012-09-06;429,48;92.110001;;;;;;;
2012-09-07;437,61;90.820000;;;;;;;
2012-09-10;440,12;90.080002;;;;;;;
2012-09-11;437,95;92.349998;;;;;;;
2012-09-12;428,86;92.150002;;;;;;;
2012-09-13;432,28;92.410004;;;;;;;
2012-09-14;443,28;91.639999;;;;;;;
2012-09-17;442,61;88.010002;;;;;;;
2012-09-18;443,79;91.510002;;;;;;;
2012-09-19;448,67;89.849998;;;;;;;
2012-09-20;440,76;89.620003;;;;;;;
2012-09-21;443,58;92.260002;;;;;;;
2012-09-24;443,19;91.269997;;;;;;;
2012-09-25;442,28;92.410004;;;;;;;
2012-09-26;433,01;91.629997;;;;;;;
2012-09-27;440,89;91.760002;;;;;;;
2012-09-28;436,07;92.080002;;;;;;;
2012-10-01;438,89;92.059998;;;;;;;
2012-10-02;439,43;92.040001;;;;;;;
2012-10-03;433,21;89.519997;;;;;;;
2012-10-04;434,83;89.139999;;;;;;;
2012-10-05;436,38;86.599998;;;;;;;
2012-10-08;435,16;85.650002;;;;;;;
2012-10-09;428,23;86.000000;;;;;;;
2012-10-10;424,78;85.730003;;;;;;;
2012-10-11;429,9;86.099998;;;;;;;
2012-10-12;428,44;86.910004;;;;;;;
2012-10-15;430,72;84.650002;;;;;;;
2012-10-16;437,59;85.669998;;;;;;;
2012-10-17;444,42;88.419998;;;;;;;
2012-10-18;447,66;84.519997;;;;;;;
2012-10-19;435,09;85.000000;;;;;;;
2012-10-22;433,9;86.190002;;;;;;;
2012-10-23;418,04;85.589996;;;;;;;
2012-10-24;415,62;85.370003;;;;;;;
2012-10-25;417,26;86.360001;;;;;;;
2012-10-26;412,34;85.279999;;;;;;;
2012-10-29;414,28;87.300003;;;;;;;
2012-10-30;414,15;89.150002;;;;;;;
2012-10-31;413,21;87.279999;;;;;;;
2012-11-01;413,83;null;;;;;;;
2012-11-02;410,2;88.209999;;;;;;;
2012-11-05;405,55;87.820000;;;;;;;
2012-11-06;412,45;87.330002;;;;;;;
2012-11-07;411,67;86.570000;;;;;;;
2012-11-08;407,95;87.660004;;;;;;;
2012-11-09;404,15;88.849998;;;;;;;
2012-11-12;399,03;88.930000;;;;;;;
2012-11-13;398,04;88.500000;;;;;;;
2012-11-14;394,34;87.870003;;;;;;;
2012-11-15;396,11;86.389999;;;;;;;
2012-11-16;399,34;85.980003;;;;;;;
2012-11-19;407,41;85.699997;;;;;;;
2012-11-20;403,24;85.690002;;;;;;;
2012-11-21;404,24;86.769997;;;;;;;
2012-11-22;405,79;86.129997;;;;;;;
2012-11-23;412,1;86.879997;;;;;;;
2012-11-26;419,54;87.449997;;;;;;;
2012-11-27;415,58;87.940002;;;;;;;
2012-11-28;415,18;89.690002;;;;;;;
2012-11-29;421,19;90.019997;;;;;;;
2012-11-30;421,62;null;;;;;;;
2012-12-03;417,52;88.620003;;;;;;;
2012-12-04;421,94;91.000000;;;;;;;
2012-12-05;423,91;91.150002;;;;;;;
2012-12-06;428,19;90.410004;;;;;;;
2012-12-07;434,3;91.779999;;;;;;;
2012-12-10;433,77;92.910004;;;;;;;
2012-12-11;436,09;92.860001;;;;;;;
2012-12-12;443,06;93.209999;;;;;;;
2012-12-13;443,38;93.320000;;;;;;;
2012-12-14;449,08;93.150002;;;;;;;
2012-12-17;463,13;93.190002;;;;;;;
2012-12-18;457,36;93.870003;;;;;;;
2012-12-19;465,37;93.739998;;;;;;;
2012-12-20;470,67;94.199997;;;;;;;
2012-12-21;469,47;93.400002;;;;;;;
2012-12-24;466,48;94.190002;;;;;;;
2012-12-25;469,21;95.190002;;;;;;;
2012-12-26;467,5;95.250000;;;;;;;
2012-12-27;463,85;96.760002;;;;;;;
2012-12-28;456,26;95.500000;;;;;;;
2012-12-31;457,03;95.949997;;;;;;;
2013-01-01;457,03;96.040001;;;;;;;
2013-01-02;468,33;96.459999;;;;;;;
2013-01-03;475,4;97.320000;;;;;;;
2013-01-04;480,68;97.959999;;;;;;;
2013-01-07;477,53;97.419998;;;;;;;
2013-01-08;472,5;97.720001;;;;;;;
2013-01-09;479,66;96.129997;;;;;;;
2013-01-10;486,96;96.639999;;;;;;;
2013-01-11;487,73;96.860001;;;;;;;
2013-01-14;483,95;95.919998;;;;;;;
2013-01-15;485,64;95.790001;;;;;;;
2013-01-16;479,86;96.959999;;;;;;;
2013-01-17;479,28;97.589996;;;;;;;
2013-01-18;481,94;97.169998;;;;;;;
2013-01-21;479,5;97.339996;;;;;;;
2013-01-22;482,86;95.970001;;;;;;;
2013-01-23;482,27;96.660004;;;;;;;
2013-01-24;478,12;94.720001;;;;;;;
2013-01-25;473,44;92.959999;;;;;;;
2013-01-28;470,12;93.230003;;;;;;;
2013-01-29;470,51;91.919998;;;;;;;
2013-01-30;470,02;92.720001;;;;;;;
2013-01-31;467,02;92.889999;;;;;;;
2013-02-01;465,71;91.760002;;;;;;;
2013-02-04;461,23;90.709999;;;;;;;
2013-02-05;456,32;90.230003;;;;;;;
2013-02-06;463,84;90.830002;;;;;;;
2013-02-07;465,21;90.419998;;;;;;;
2013-02-08;461,85;91.419998;;;;;;;
2013-02-11;463,9;91.830002;;;;;;;
2013-02-12;469,46;91.940002;;;;;;;
2013-02-13;466,97;92.620003;;;;;;;
2013-02-14;474,34;92.510002;;;;;;;
2013-02-15;478,16;93.150002;;;;;;;
2013-02-18;476,15;93.260002;;;;;;;
2013-02-19;476,11;93.800003;;;;;;;
2013-02-20;479,44;92.089996;;;;;;;
2013-02-21;470,66;93.400002;;;;;;;
2013-02-22;470,62;92.330002;;;;;;;
2013-02-25;469,66;93.720001;;;;;;;
2013-02-26;462,71;94.750000;;;;;;;
2013-02-27;462,83;96.180000;;;;;;;
2013-02-28;465,75;96.680000;;;;;;;
2013-03-01;463,9;null;;;;;;;
2013-03-04;462,37;97.360001;;;;;;;
2013-03-05;466,61;97.000000;;;;;;;
2013-03-06;469,79;96.930000;;;;;;;
2013-03-07;470,47;94.500000;;;;;;;
2013-03-08;470,49;93.360001;;;;;;;
2013-03-11;469,43;93.019997;;;;;;;
2013-03-12;464,85;93.489998;;;;;;;
2013-03-13;458,67;93.959999;;;;;;;
2013-03-14;465,21;94.559998;;;;;;;
2013-03-15;468,65;93.489998;;;;;;;
2013-03-18;461,58;90.949997;;;;;;;
2013-03-19;462,14;87.419998;;;;;;;
2013-03-20;466,3;88.800003;;;;;;;
2013-03-21;471,71;86.389999;;;;;;;
2013-03-22;474,84;88.370003;;;;;;;
2013-03-25;465,31;87.959999;;;;;;;
2013-03-26;467,1;89.279999;;;;;;;
2013-03-27;466,95;89.599998;;;;;;;
2013-03-28;468,89;91.580002;;;;;;;
2013-03-29;471,5;93.239998;;;;;;;
2013-04-01;469,97;92.699997;;;;;;;
2013-04-02;461,57;94.419998;;;;;;;
2013-04-03;462,71;93.080002;;;;;;;
2013-04-04;458,87;91.000000;;;;;;;
2013-04-05;457,81;93.989998;;;;;;;
2013-04-08;461,49;95.580002;;;;;;;
2013-04-09;479,06;95.790001;;;;;;;
2013-04-10;492,19;95.559998;;;;;;;
2013-04-11;499,43;96.599998;;;;;;;
2013-04-12;517,13;96.160004;;;;;;;
2013-04-15;521,81;95.760002;;;;;;;
2013-04-16;519;94.930000;;;;;;;
2013-04-17;506,7;94.129997;;;;;;;
2013-04-18;499,64;94.339996;;;;;;;
2013-04-19;507,65;95.150002;;;;;;;
2013-04-22;508,04;95.930000;;;;;;;
2013-04-23;513,22;96.699997;;;;;;;
2013-04-24;520,3;95.900002;;;;;;;
2013-04-25;522,1;94.180000;;;;;;;
2013-04-26;521,5;94.370003;;;;;;;
2013-04-29;529,55;93.889999;;;;;;;
2013-04-30;536;95.050003;;;;;;;
2013-05-01;537,98;92.889999;;;;;;;
2013-05-02;536,98;93.639999;;;;;;;
2013-05-03;536,96;91.730003;;;;;;;
2013-05-06;540,09;93.349998;;;;;;;
2013-05-07;543,42;93.860001;;;;;;;
2013-05-08;552,93;93.699997;;;;;;;
2013-05-09;550,15;94.720001;;;;;;;
2013-05-10;553,56;96.089996;;;;;;;
2013-05-13;556,57;95.760002;;;;;;;
2013-05-14;566,26;94.889999;;;;;;;
2013-05-15;568,78;95.769997;;;;;;;
2013-05-16;571,42;96.639999;;;;;;;
2013-05-17;570,48;97.849998;;;;;;;
2013-05-20;585,74;97.930000;;;;;;;
2013-05-21;588,68;98.589996;;;;;;;
2013-05-22;574,89;98.019997;;;;;;;
2013-05-23;558,43;94.959999;;;;;;;
2013-05-24;569,45;93.849998;;;;;;;
2013-05-27;567,22;95.019997;;;;;;;
2013-05-28;566,45;95.169998;;;;;;;
2013-05-29;581,51;95.519997;;;;;;;
2013-05-30;578,87;96.809998;;;;;;;
2013-05-31;568,95;96.580002;;;;;;;
2013-06-03;569,26;98.059998;;;;;;;
2013-06-04;568,71;null;;;;;;;
2013-06-05;558,29;101.089996;;;;;;;
2013-06-06;551,32;103.949997;;;;;;;
2013-06-07;552,64;103.000000;;;;;;;
2013-06-10;562,66;104.570000;;;;;;;
2013-06-11;554,93;106.150002;;;;;;;
2013-06-12;555,98;104.580002;;;;;;;
2013-06-13;553,52;106.050003;;;;;;;
2013-06-14;556,69;106.440002;;;;;;;
2013-06-17;572,65;105.779999;;;;;;;
2013-06-18;573,65;106.559998;;;;;;;
2013-06-19;570,61;108.120003;;;;;;;
2013-06-20;547,41;108.339996;;;;;;;
2013-06-21;545,63;107.000000;;;;;;;
2013-06-24;532,57;107.360001;;;;;;;
2013-06-25;530,92;105.370003;;;;;;;
2013-06-26;544,18;105.559998;;;;;;;
2013-06-27;552,55;104.610001;;;;;;;
2013-06-28;554,96;104.519997;;;;;;;
2013-07-01;555,87;103.150002;;;;;;;
2013-07-02;558,18;105.260002;;;;;;;
2013-07-03;551,24;107.800003;;;;;;;
2013-07-04;555,48;106.839996;;;;;;;
2013-07-05;557,46;106.480003;;;;;;;
2013-07-08;561,17;105.680000;;;;;;;
2013-07-09;565,39;104.180000;;;;;;;
2013-07-10;566,66;103.870003;;;;;;;
2013-07-11;579,7;105.839996;;;;;;;
2013-07-12;575,98;106.150002;;;;;;;
2013-07-15;585,15;106.540001;;;;;;;
2013-07-16;591,64;106.980003;;;;;;;
2013-07-17;589,8;107.180000;;;;;;;
2013-07-18;591,22;107.779999;;;;;;;
2013-07-19;594,15;106.930000;;;;;;;
2013-07-22;602,13;105.180000;;;;;;;
2013-07-23;603,04;103.879997;;;;;;;
2013-07-24;605,56;105.220001;;;;;;;
2013-07-25;600,97;106.910004;;;;;;;
2013-07-26;597,73;106.139999;;;;;;;
2013-07-29;591,18;109.220001;;;;;;;
2013-07-30;598,73;109.529999;;;;;;;
2013-07-31;593,64;108.169998;;;;;;;
2013-08-01;602,48;107.070000;;;;;;;
2013-08-02;611,02;108.440002;;;;;;;
2013-08-05;614,3;107.589996;;;;;;;
2013-08-06;613,68;108.519997;;;;;;;
2013-08-07;596,73;110.279999;;;;;;;
2013-08-08;601,41;108.919998;;;;;;;
2013-08-09;603,99;107.360001;;;;;;;
2013-08-12;606,98;107.769997;;;;;;;
2013-08-13;603,86;108.639999;;;;;;;
2013-08-14;605,83;107.500000;;;;;;;
2013-08-15;596,67;106.220001;;;;;;;
2013-08-16;596,92;105.529999;;;;;;;
2013-08-19;582,55;108.220001;;;;;;;
2013-08-20;581,22;106.370003;;;;;;;
2013-08-21;576,95;104.889999;;;;;;;
2013-08-22;581,4;103.440002;;;;;;;
2013-08-23;587,6;103.410004;;;;;;;
2013-08-26;582,28;102.300003;;;;;;;
2013-08-27;571,81;102.910004;;;;;;;
2013-08-28;565,67;102.459999;;;;;;;
2013-08-29;566,99;102.309998;;;;;;;
2013-08-30;569,7;101.620003;;;;;;;
2013-09-02;572,04;103.820000;;;;;;;
2013-09-03;582,31;102.919998;;;;;;;
2013-09-04;580,33;103.449997;;;;;;;
2013-09-05;591,64;103.160004;;;;;;;
2013-09-06;596,76;103.489998;;;;;;;
2013-09-09;598,84;101.459999;;;;;;;
2013-09-10;606,68;102.940002;;;;;;;
2013-09-11;610,95;101.370003;;;;;;;
2013-09-12;606,51;102.190002;;;;;;;
2013-09-13;608,38;100.879997;;;;;;;
2013-09-16;613,88;102.129997;;;;;;;
2013-09-17;611,55;100.720001;;;;;;;
2013-09-18;616,83;100.629997;;;;;;;
2013-09-19;624,53;99.059998;;;;;;;
2013-09-20;620,07;98.120003;;;;;;;
2013-09-23;622,63;97.099998;;;;;;;
2013-09-24;623,16;97.190002;;;;;;;
2013-09-25;624,54;97.879997;;;;;;;
2013-09-26;637;98.540001;;;;;;;
2013-09-27;645,07;97.769997;;;;;;;
2013-09-30;647,93;96.620003;;;;;;;
2013-10-01;657,99;96.320000;;;;;;;
2013-10-02;661,79;94.519997;;;;;;;
2013-10-03;664,58;94.470001;;;;;;;
2013-10-04;668,19;93.739998;;;;;;;
2013-10-07;662,32;94.910004;;;;;;;
2013-10-08;663,85;94.360001;;;;;;;
2013-10-09;661,85;94.449997;;;;;;;
2013-10-10;670,95;95.000000;;;;;;;
2013-10-11;675,2;93.070000;;;;;;;
2013-10-14;675,33;93.500000;;;;;;;
2013-10-15;680,69;93.889999;;;;;;;
2013-10-16;685,42;93.779999;;;;;;;
2013-10-17;693,75;93.000000;;;;;;;
2013-10-18;702,03;93.330002;;;;;;;
2013-10-21;707,03;93.730003;;;;;;;
2013-10-22;708,39;95.290001;;;;;;;
2013-10-23;695,95;94.150002;;;;;;;
2013-10-24;691,4;94.209999;;;;;;;
2013-10-25;678,5;93.500000;;;;;;;
2013-10-28;673,3;null;;;;;;;
2013-10-29;674,64;92.709999;;;;;;;
2013-10-30;672,57;93.860001;;;;;;;
2013-10-31;669,21;96.900002;;;;;;;
2013-11-01;670,66;97.330002;;;;;;;
2013-11-04;682,76;97.379997;;;;;;;
2013-11-05;683,53;97.660004;;;;;;;
2013-11-06;688,2;97.250000;;;;;;;
2013-11-07;667,28;98.650002;;;;;;;
2013-11-08;668,9;97.550003;;;;;;;
2013-11-11;673,59;97.580002;;;;;;;
2013-11-12;671,34;96.550003;;;;;;;
2013-11-13;672,87;97.300003;;;;;;;
2013-11-14;683,36;97.300003;;;;;;;
2013-11-15;685,88;97.690002;;;;;;;
2013-11-18;688,09;98.699997;;;;;;;
2013-11-19;675,85;99.199997;;;;;;;
2013-11-20;671,53;null;;;;;;;
2013-11-21;672,6;99.199997;;;;;;;
2013-11-22;670,01;99.629997;;;;;;;
2013-11-25;668,97;100.150002;;;;;;;
2013-11-26;665,56;99.250000;;;;;;;
2013-11-27;666,33;98.500000;;;;;;;
2013-11-28;667,37;95.470001;;;;;;;
2013-11-29;668,95;94.180000;;;;;;;
2013-12-02;665,44;93.599998;;;;;;;
2013-12-03;657,32;93.959999;;;;;;;
2013-12-04;654,48;92.580002;;;;;;;
2013-12-05;654,41;92.300003;;;;;;;
2013-12-06;654,59;92.830002;;;;;;;
2013-12-09;650,65;91.510002;;;;;;;
2013-12-10;653,42;92.650002;;;;;;;
2013-12-11;646,18;94.290001;;;;;;;
2013-12-12;643,03;94.169998;;;;;;;
2013-12-13;643,11;94.000000;;;;;;;
2013-12-16;645,23;95.199997;;;;;;;
2013-12-17;645,63;96.690002;;;;;;;
2013-12-18;648,92;97.370003;;;;;;;
2013-12-19;653,35;96.900002;;;;;;;
2013-12-20;645,44;95.660004;;;;;;;
2013-12-23;650,8;97.169998;;;;;;;
2013-12-24;647,67;97.419998;;;;;;;
2013-12-25;647,22;97.970001;;;;;;;
2013-12-26;649,45;97.400002;;;;;;;
2013-12-27;662,25;96.529999;;;;;;;
2013-12-30;664,74;97.669998;;;;;;;
2013-12-31;666,62;97.250000;;;;;;;
2014-01-02;681,25;97.970001;;;;;;;
2014-01-03;684,2;100.050003;;;;;;;
2014-01-06;680,64;99.970001;;;;;;;
2014-01-07;685,5;100.459999;;;;;;;
2014-01-08;687,28;100.269997;;;;;;;
2014-01-09;687,01;100.339996;;;;;;;
2014-01-10;689,39;100.320000;;;;;;;
2014-01-13;686,63;103.139999;;;;;;;
2014-01-14;686,06;103.410004;;;;;;;
2014-01-15;690,7;102.870003;;;;;;;
2014-01-16;698,56;102.290001;;;;;;;
2014-01-17;700,75;102.800003;;;;;;;
2014-01-20;698,43;102.040001;;;;;;;
2014-01-21;695,72;102.570000;;;;;;;
2014-01-22;698,9;102.150002;;;;;;;
2014-01-23;689,24;103.000000;;;;;;;
2014-01-24;668,59;104.889999;;;;;;;
2014-01-27;653,07;103.349998;;;;;;;
2014-01-28;666,07;101.040001;;;;;;;
2014-01-29;666,29;101.970001;;;;;;;
2014-01-30;666,69;102.750000;;;;;;;
2014-01-31;670,04;100.940002;;;;;;;
2014-02-03;654,22;99.480003;;;;;;;
2014-02-04;646,26;98.099998;;;;;;;
2014-02-05;643,42;98.250000;;;;;;;
2014-02-06;656,19;99.389999;;;;;;;
2014-02-07;674,4;97.970001;;;;;;;
2014-02-10;679,52;99.529999;;;;;;;
2014-02-11;678,86;100.389999;;;;;;;
2014-02-12;684,8;98.589996;;;;;;;
2014-02-13;688,78;99.489998;;;;;;;
2014-02-14;687,15;99.430000;;;;;;;
2014-02-17;691,55;99.180000;;;;;;;
2014-02-18;696,99;100.300003;;;;;;;
2014-02-19;692,41;101.339996;;;;;;;
2014-02-20;690,02;101.690002;;;;;;;
2014-02-21;696,62;101.529999;;;;;;;
2014-02-24;707,35;99.639999;;;;;;;
2014-02-25;706,99;99.290001;;;;;;;
2014-02-26;708,25;100.379997;;;;;;;
2014-02-27;719,43;100.910004;;;;;;;
2014-02-28;722,27;100.690002;;;;;;;
2014-03-03;718,28;102.349998;;;;;;;
2014-03-04;735,08;103.440002;;;;;;;
2014-03-05;733,89;103.339996;;;;;;;
2014-03-06;745,71;103.559998;;;;;;;
2014-03-07;744,01;103.599998;;;;;;;
2014-03-10;736,2;103.760002;;;;;;;
2014-03-11;738,58;103.839996;;;;;;;
2014-03-12;731,01;104.540001;;;;;;;
2014-03-13;720,18;104.360001;;;;;;;
2014-03-14;705,26;101.860001;;;;;;;
2014-03-17;710,32;101.540001;;;;;;;
2014-03-18;715,97;101.930000;;;;;;;
2014-03-19;725,48;100.489998;;;;;;;
2014-03-20;716,51;100.889999;;;;;;;
2014-03-21;709,32;100.760002;;;;;;;
2014-03-24;707,05;99.720001;;;;;;;
2014-03-25;703,85;99.169998;;;;;;;
2014-03-26;698,58;99.959999;;;;;;;
2014-03-27;707,75;99.379997;;;;;;;
2014-03-28;711;99.830002;;;;;;;
2014-03-31;714,39;100.820000;;;;;;;
2014-04-01;719,72;100.269997;;;;;;;
2014-04-02;721,88;100.120003;;;;;;;
2014-04-03;711,36;100.629997;;;;;;;
2014-04-04;709,77;101.910004;;;;;;;
2014-04-07;697,9;102.029999;;;;;;;
2014-04-08;698,82;101.559998;;;;;;;
2014-04-09;705,61;102.129997;;;;;;;
2014-04-10;695,32;102.599998;;;;;;;
2014-04-11;686,98;102.959999;;;;;;;
2014-04-14;676,79;103.849998;;;;;;;
2014-04-15;670,11;103.709999;;;;;;;
2014-04-16;683,4;104.339996;;;;;;;
2014-04-17;686,83;104.139999;;;;;;;
2014-04-18;687,2;103.059998;;;;;;;
2014-04-21;689,5;103.510002;;;;;;;
2014-04-22;706,42;102.919998;;;;;;;
2014-04-23;704,91;102.440002;;;;;;;
2014-04-24;701,55;102.790001;;;;;;;
2014-04-25;691,85;102.370003;;;;;;;
2014-04-28;678,25;102.440002;;;;;;;
2014-04-29;675,52;102.779999;;;;;;;
2014-04-30;678,65;104.459999;;;;;;;
2014-05-01;681,15;104.300003;;;;;;;
2014-05-02;685,38;104.470001;;;;;;;
2014-05-05;684,23;106.839996;;;;;;;
2014-05-06;683,06;106.879997;;;;;;;
2014-05-07;668,45;106.589996;;;;;;;
2014-05-08;663,33;106.599998;;;;;;;
2014-05-09;665,49;106.110001;;;;;;;
2014-05-12;682,64;106.599998;;;;;;;
2014-05-13;681,78;107.419998;;;;;;;
2014-05-14;685,71;106.019997;;;;;;;
2014-05-15;670,25;106.139999;;;;;;;
2014-05-16;664,65;106.709999;;;;;;;
2014-05-19;666,37;105.639999;;;;;;;
2014-05-20;666,27;105.690002;;;;;;;
2014-05-21;676,21;105.440002;;;;;;;
2014-05-22;688,05;105.209999;;;;;;;
2014-05-23;694,72;null;;;;;;;
2014-05-26;700,91;104.059998;;;;;;;
2014-05-27;699,51;103.389999;;;;;;;
2014-05-28;700,31;103.449997;;;;;;;
2014-05-29;706,86;101.949997;;;;;;;
2014-05-30;704,2;102.860001;;;;;;;
2014-06-02;704,78;100.459999;;;;;;;
2014-06-03;702,64;100.930000;;;;;;;
2014-06-04;700,28;100.209999;;;;;;;
2014-06-05;706,22;101.489998;;;;;;;
2014-06-06;711,69;103.720001;;;;;;;
2014-06-09;714,21;102.970001;;;;;;;
2014-06-10;713,41;104.580002;;;;;;;
2014-06-11;716,57;101.959999;;;;;;;
2014-06-12;719,65;103.199997;;;;;;;
2014-06-13;727,56;102.040001;;;;;;;
2014-06-16;728,47;101.870003;;;;;;;
2014-06-17;740,58;101.599998;;;;;;;
2014-06-18;747,92;101.029999;;;;;;;
2014-06-19;747,73;99.470001;;;;;;;
2014-06-20;749,77;97.699997;;;;;;;
2014-06-23;744,52;97.669998;;;;;;;
2014-06-24;737,43;98.410004;;;;;;;
2014-06-25;741,08;97.620003;;;;;;;
2014-06-26;748,18;96.889999;;;;;;;
2014-06-27;751,3;97.639999;;;;;;;
2014-06-30;753,92;97.540001;;;;;;;
2014-07-01;752,42;97.839996;;;;;;;
2014-07-02;753,15;97.199997;;;;;;;
2014-07-03;761,89;97.300003;;;;;;;
2014-07-04;757,36;95.500000;;;;;;;
2014-07-07;748,96;97.099998;;;;;;;
2014-07-08;729,18;96.559998;;;;;;;
2014-07-09;728,93;94.699997;;;;;;;
2014-07-10;721,28;93.489998;;;;;;;
2014-07-11;721,9;93.889999;;;;;;;
2014-07-14;726,44;93.339996;;;;;;;
2014-07-15;722,44;93.360001;;;;;;;
2014-07-16;725,01;93.879997;;;;;;;
2014-07-17;717,27;93.750000;;;;;;;
2014-07-18;725,76;94.559998;;;;;;;
2014-07-21;727,07;95.809998;;;;;;;
2014-07-22;737,52;93.279999;;;;;;;
2014-07-23;733,83;95.070000;;;;;;;
2014-07-24;736,24;94.570000;;;;;;;
2014-07-25;735,05;93.489998;;;;;;;
2014-07-28;736,84;93.110001;;;;;;;
2014-07-29;731,95;92.790001;;;;;;;
2014-07-30;732,24;91.709999;;;;;;;
2014-07-31;716,6;93.050003;;;;;;;
2014-08-01;707,24;92.129997;;;;;;;
2014-08-04;715,12;92.809998;;;;;;;
2014-08-05;717,36;94.709999;;;;;;;
2014-08-06;717,83;93.970001;;;;;;;
2014-08-07;720,86;92.970001;;;;;;;
2014-08-08;715,81;92.220001;;;;;;;
2014-08-11;732,07;90.699997;;;;;;;
2014-08-12;730,28;91.720001;;;;;;;
2014-08-13;737,57;92.889999;;;;;;;
2014-08-14;740,54;92.470001;;;;;;;
2014-08-15;742,38;93.349998;;;;;;;
2014-08-18;749,88;94.339996;;;;;;;
2014-08-19;754,78;91.360001;;;;;;;
2014-08-20;756,31;90.739998;;;;;;;
2014-08-21;753;91.379997;;;;;;;
2014-08-22;752,26;89.769997;;;;;;;
2014-08-25;758,24;90.449997;;;;;;;
2014-08-26;755,54;88.430000;;;;;;;
2014-08-27;757,57;87.730003;;;;;;;
2014-08-28;749,3;84.389999;;;;;;;
2014-08-29;750,91;85.199997;;;;;;;
2014-09-01;747,8;84.980003;;;;;;;
2014-09-02;749,33;82.320000;;;;;;;
2014-09-03;754,47;81.059998;;;;;;;
2014-09-04;759,24;83.180000;;;;;;;
2014-09-05;760,46;83.129997;;;;;;;
2014-09-08;761,03;82.760002;;;;;;;
2014-09-09;742,85;82.550003;;;;;;;
2014-09-10;742,79;80.419998;;;;;;;
2014-09-11;743,12;81.949997;;;;;;;
2014-09-12;740,2;81.269997;;;;;;;
2014-09-15;724,84;80.639999;;;;;;;
2014-09-16;720,9;81.550003;;;;;;;
2014-09-17;723,33;81.930000;;;;;;;
2014-09-18;724,07;81.040001;;;;;;;
2014-09-19;720,35;80.589996;;;;;;;
2014-09-22;711,15;78.220001;;;;;;;
2014-09-23;706,89;77.360001;;;;;;;
2014-09-24;711,83;78.870003;;;;;;;
2014-09-25;703;77.860001;;;;;;;
2014-09-26;703,42;78.500000;;;;;;;
2014-09-29;694,58;77.180000;;;;;;;
2014-09-30;687,69;77.500000;;;;;;;
2014-10-01;675,13;76.949997;;;;;;;
2014-10-02;670,08;74.360001;;;;;;;
2014-10-03;673,82;75.930000;;;;;;;
2014-10-06;656,07;75.489998;;;;;;;
2014-10-07;656,22;74.230003;;;;;;;
2014-10-08;654,1;74.250000;;;;;;;
2014-10-09;642,85;76.290001;;;;;;;
2014-10-10;626,62;76.620003;;;;;;;
2014-10-13;619,37;75.510002;;;;;;;
2014-10-14;620,23;73.870003;;;;;;;
2014-10-15;617,88;null;;;;;;;
2014-10-16;617,87;66.000000;;;;;;;
2014-10-17;628,62;69.239998;;;;;;;
2014-10-20;633,21;67.599998;;;;;;;
2014-10-21;644,21;67.400002;;;;;;;
2014-10-22;645,32;66.800003;;;;;;;
2014-10-23;643,32;65.459999;;;;;;;
2014-10-24;643,7;63.009998;;;;;;;
2014-10-27;633,54;63.330002;;;;;;;
2014-10-28;651,26;61.119999;;;;;;;
2014-10-29;650,48;59.169998;;;;;;;
2014-10-30;652,16;57.070000;;;;;;;
2014-10-31;662,96;55.400002;;;;;;;
2014-11-03;660,61;55.500000;;;;;;;
2014-11-04;654,19;55.830002;;;;;;;
2014-11-05;650,98;55.500000;;;;;;;
2014-11-06;642,54;57.750000;;;;;;;
2014-11-07;649,09;55.389999;;;;;;;
2014-11-10;646,14;null;;;;;;;
2014-11-11;645,7;55.860001;;;;;;;
2014-11-12;641,3;55.049999;;;;;;;
2014-11-13;635,67;53.720001;;;;;;;
2014-11-14;638,46;53.869999;;;;;;;
2014-11-17;635,52;53.759998;;;;;;;
2014-11-18;642,36;52.610001;;;;;;;
2014-11-19;643,85;50.000000;;;;;;;
2014-11-20;647,74;48.000000;;;;;;;
2014-11-21;655,74;48.779999;;;;;;;
2014-11-24;660,45;48.919998;;;;;;;
2014-11-25;662,72;48.189999;;;;;;;
2014-11-26;667,38;45.689999;;;;;;;
2014-11-27;663,38;46.160000;;;;;;;
2014-11-28;650,16;48.599998;;;;;;;
2014-12-01;629,9;46.349998;;;;;;;
2014-12-02;633,84;48.689999;;;;;;;
2014-12-03;637,15;46.689999;;;;;;;
2014-12-04;635,28;47.349998;;;;;;;
2014-12-05;637,8;46.630001;;;;;;;
2014-12-08;629,14;45.200001;;;;;;;
2014-12-09;625,08;45.130001;;;;;;;
2014-12-10;628,77;45.830002;;;;;;;
2014-12-11;626,46;44.430000;;;;;;;
2014-12-12;620,9;44.630001;;;;;;;
2014-12-15;612,77;47.590000;;;;;;;
2014-12-16;606,31;49.790001;;;;;;;
2014-12-17;603,67;51.669998;;;;;;;
2014-12-18;616,02;48.669998;;;;;;;
2014-12-19;618,19;50.860001;;;;;;;
2014-12-22;620,76;52.009998;;;;;;;
2014-12-23;620,84;52.430000;;;;;;;
2014-12-24;622,84;50.980000;;;;;;;
2014-12-25;622,58;49.419998;;;;;;;
2014-12-26;625,66;51.349998;;;;;;;
2014-12-29;627,23;52.750000;;;;;;;
2014-12-30;622,32;53.240002;;;;;;;
2014-12-31;624,64;50.549999;;;;;;;
2015-01-02;626,91;51.240002;;;;;;;
2015-01-05;615,4;50.750000;;;;;;;
2015-01-06;614,41;49.419998;;;;;;;
2015-01-07;614,58;49.160000;;;;;;;
2015-01-08;627,3;51.000000;;;;;;;
2015-01-09;626,46;48.970001;;;;;;;
2015-01-12;620,74;49.450001;;;;;;;
2015-01-13;623,76;49.799999;;;;;;;
2015-01-14;622,78;50.610001;;;;;;;
2015-01-15;615,17;51.619999;;;;;;;
2015-01-16;613,62;50.889999;;;;;;;
2015-01-19;615,69;49.599998;;;;;;;
2015-01-20;612,92;50.080002;;;;;;;
2015-01-21;619,53;48.770000;;;;;;;
2015-01-22;621,61;48.439999;;;;;;;
2015-01-23;624,42;46.930000;;;;;;;
2015-01-26;643,31;44.810001;;;;;;;
2015-01-27;651,82;43.840000;;;;;;;
2015-01-28;646,47;42.509998;;;;;;;
2015-01-29;644,02;44.599998;;;;;;;
2015-01-30;639,53;43.990002;;;;;;;
2015-02-02;652;46.410000;;;;;;;
2015-02-03;666,55;47.459999;;;;;;;
2015-02-04;665,89;47.720001;;;;;;;
2015-02-05;669,63;49.020000;;;;;;;
2015-02-06;669,66;51.009998;;;;;;;
2015-02-09;667,38;48.570000;;;;;;;
2015-02-10;673,86;48.730000;;;;;;;
2015-02-11;669,46;47.549999;;;;;;;
2015-02-12;678,85;49.590000;;;;;;;
2015-02-13;683,26;49.470001;;;;;;;
2015-02-16;682,81;51.950001;;;;;;;
2015-02-17;682,17;53.180000;;;;;;;
2015-02-18;682,29;51.000000;;;;;;;
2015-02-19;677,84;50.730000;;;;;;;
2015-02-20;678,73;51.810001;;;;;;;
2015-02-23;680,17;52.049999;;;;;;;
2015-02-24;690,76;53.549999;;;;;;;
2015-02-25;696,4;55.919998;;;;;;;
2015-02-26;698,57;56.560001;;;;;;;
2015-02-27;698,93;56.160000;;;;;;;
2015-03-02;709,06;56.410000;;;;;;;
2015-03-03;716,34;56.340000;;;;;;;
2015-03-04;736,7;56.279999;;;;;;;
2015-03-05;768,8;57.529999;;;;;;;
2015-03-06;751,76;57.299999;;;;;;;
2015-03-09;737,46;56.650002;;;;;;;
2015-03-10;726,68;56.930000;;;;;;;
2015-03-11;725,66;58.549999;;;;;;;
2015-03-12;728,69;59.790001;;;;;;;
2015-03-13;723,69;59.299999;;;;;;;
2015-03-16;727,64;58.950001;;;;;;;
2015-03-17;730,4;60.720001;;;;;;;
2015-03-18;740,38;60.689999;;;;;;;
2015-03-19;739,44;59.020000;;;;;;;
2015-03-20;751,07;59.430000;;;;;;;
2015-03-23;754,47;59.270000;;;;;;;
2015-03-24;756,16;61.230000;;;;;;;
2015-03-25;752,36;60.099998;;;;;;;
2015-03-26;742,63;59.669998;;;;;;;
2015-03-27;741,98;59.849998;;;;;;;
2015-03-30;751,73;59.540001;;;;;;;
2015-03-31;755,14;58.320000;;;;;;;
2015-04-01;764,52;58.810001;;;;;;;
2015-04-02;771,98;60.660000;;;;;;;
2015-04-03;771,85;60.049999;;;;;;;
2015-04-06;777,45;58.320000;;;;;;;
2015-04-07;776,65;57.630001;;;;;;;
2015-04-08;785,87;57.970001;;;;;;;
2015-04-09;796,45;60.290001;;;;;;;
2015-04-10;797,89;60.180000;;;;;;;
2015-04-13;803,28;61.020000;;;;;;;
2015-04-14;800,03;59.570000;;;;;;;
2015-04-15;805,84;57.990002;;;;;;;
2015-04-16;807,53;58.959999;;;;;;;
2015-04-17;800,15;58.310001;;;;;;;
2015-04-20;792,32;60.580002;;;;;;;
2015-04-21;798,27;61.139999;;;;;;;
2015-04-22;804,44;60.549999;;;;;;;
2015-04-23;812,45;59.900002;;;;;;;
2015-04-24;807,43;59.599998;;;;;;;
2015-04-27;808,38;60.029999;;;;;;;
2015-04-28;812,3;59.779999;;;;;;;
2015-04-29;802,81;60.500000;;;;;;;
2015-04-30;795,01;59.439999;;;;;;;
2015-05-01;793,81;60.209999;;;;;;;
2015-05-04;799,06;61.139999;;;;;;;
2015-05-05;792,59;60.220001;;;;;;;
2015-05-06;792,08;59.660000;;;;;;;
2015-05-07;789,69;58.840000;;;;;;;
2015-05-08;804,79;58.270000;;;;;;;
2015-05-11;807,85;58.980000;;;;;;;
2015-05-12;803,62;56.869999;;;;;;;
2015-05-13;807,37;54.900002;;;;;;;
2015-05-14;809,42;52.750000;;;;;;;
2015-05-15;812,15;52.910000;;;;;;;
2015-05-18;809,18;51.830002;;;;;;;
2015-05-19;806,94;52.480000;;;;;;;
2015-05-20;785,06;52.150002;;;;;;;
2015-05-21;784,98;52.000000;;;;;;;
2015-05-22;784,62;53.400002;;;;;;;
2015-05-25;782,28;51.619999;;;;;;;
2015-05-26;776,34;50.910000;;;;;;;
2015-05-27;778,3;50.759998;;;;;;;
2015-05-28;772,74;49.950001;;;;;;;
2015-05-29;768,88;50.709999;;;;;;;
2015-06-01;768,21;49.230000;;;;;;;
2015-06-02;769,34;48.790001;;;;;;;
2015-06-03;770,09;48.000000;;;;;;;
2015-06-04;762,25;47.020000;;;;;;;
2015-06-05;758,03;47.810001;;;;;;;
2015-06-08;750,76;48.830002;;;;;;;
2015-06-09;739,6;48.470001;;;;;;;
2015-06-10;748,38;46.860001;;;;;;;
2015-06-11;752,38;45.349998;;;;;;;
2015-06-12;750,09;45.959999;;;;;;;
2015-06-15;742,32;45.160000;;;;;;;
2015-06-16;744,31;44.820000;;;;;;;
2015-06-17;747,5;43.580002;;;;;;;
2015-06-18;752,85;44.810001;;;;;;;
2015-06-19;745,51;43.270000;;;;;;;
2015-06-22;756;43.340000;;;;;;;
2015-06-23;760,46;42.230000;;;;;;;
2015-06-24;754,52;42.180000;;;;;;;
2015-06-25;747,05;41.880001;;;;;;;
2015-06-26;739,24;42.410000;;;;;;;
2015-06-29;717,01;40.580002;;;;;;;
2015-06-30;723,02;41.029999;;;;;;;
2015-07-01;723,93;40.299999;;;;;;;
2015-07-02;722,18;38.180000;;;;;;;
2015-07-03;717,98;39.689999;;;;;;;
2015-07-06;695,25;38.959999;;;;;;;
2015-07-07;680,9;42.680000;;;;;;;
2015-07-08;668,69;45.000000;;;;;;;
2015-07-09;691,46;48.099998;;;;;;;
2015-07-10;711,67;44.259998;;;;;;;
2015-07-13;720,51;46.110001;;;;;;;
2015-07-14;722,06;46.680000;;;;;;;
2015-07-15;712,15;45.820000;;;;;;;
2015-07-16;719,85;45.790001;;;;;;;
2015-07-17;716,69;44.160000;;;;;;;
2015-07-20;720,72;45.709999;;;;;;;
2015-07-21;720,28;44.779999;;;;;;;
2015-07-22;691,44;44.110001;;;;;;;
2015-07-23;686,26;45.160000;;;;;;;
2015-07-24;680,02;47.130001;;;;;;;
2015-07-27;668,53;46.889999;;;;;;;
2015-07-28;671,47;44.970001;;;;;;;
2015-07-29;686,89;46.450001;;;;;;;
2015-07-30;672,59;46.540001;;;;;;;
2015-07-31;674,77;44.619999;;;;;;;
2015-08-03;672,09;45.049999;;;;;;;
2015-08-04;669,69;45.380001;;;;;;;
2015-08-05;678,61;44.500000;;;;;;;
2015-08-06;669,05;44.919998;;;;;;;
2015-08-07;663,18;45.380001;;;;;;;
2015-08-10;670,14;45.070000;;;;;;;
2015-08-11;658,54;45.650002;;;;;;;
2015-08-12;654,94;46.200001;;;;;;;
2015-08-13;657,13;49.000000;;;;;;;
2015-08-14;657;48.110001;;;;;;;
2015-08-17;658,48;49.689999;;;;;;;
2015-08-18;656,57;49.509998;;;;;;;
2015-08-19;643,18;47.459999;;;;;;;
2015-08-20;620,47;46.689999;;;;;;;
2015-08-21;599,89;46.279999;;;;;;;
2015-08-24;578,45;46.869999;;;;;;;
2015-08-25;586,35;47.270000;;;;;;;
2015-08-26;587,15;46.250000;;;;;;;
2015-08-27;610,55;45.880001;;;;;;;
2015-08-28;615,21;45.270000;;;;;;;
2015-08-31;605,31;45.439999;;;;;;;
2015-09-01;591,29;44.740002;;;;;;;
2015-09-02;590,03;43.779999;;;;;;;
2015-09-03;592,93;43.439999;;;;;;;
2015-09-04;582,81;46.060001;;;;;;;
2015-09-07;585,05;45.740002;;;;;;;
2015-09-08;595,84;46.430000;;;;;;;
2015-09-09;602,6;46.110001;;;;;;;
2015-09-10;601,01;47.740002;;;;;;;
2015-09-11;597,89;46.570000;;;;;;;
2015-09-14;596,25;45.410000;;;;;;;
2015-09-15;599,65;44.520000;;;;;;;
2015-09-16;607,19;44.099998;;;;;;;
2015-09-17;608,85;43.630001;;;;;;;
2015-09-18;601,91;43.049999;;;;;;;
2015-09-21;598,35;41.610001;;;;;;;
2015-09-22;588,05;40.919998;;;;;;;
2015-09-23;576,7;41.959999;;;;;;;
2015-09-24;571,04;41.110001;;;;;;;
2015-09-25;575,35;40.720001;;;;;;;
2015-09-28;562,32;40.540001;;;;;;;
2015-09-29;559,46;41.490002;;;;;;;
2015-09-30;575,49;42.040001;;;;;;;
2015-10-01;578,48;42.689999;;;;;;;
2015-10-02;596,66;43.250000;;;;;;;
2015-10-05;612,06;41.770000;;;;;;;
2015-10-06;620,25;41.730000;;;;;;;
2015-10-07;631,26;41.689999;;;;;;;
2015-10-08;633,03;40.150002;;;;;;;
2015-10-09;640,88;41.310001;;;;;;;
2015-10-12;635,84;40.099998;;;;;;;
2015-10-13;629,07;37.680000;;;;;;;
2015-10-14;636,91;37.860001;;;;;;;
2015-10-15;648,32;37.270000;;;;;;;
2015-10-16;642,33;36.630001;;;;;;;
2015-10-19;638,09;35.400002;;;;;;;
2015-10-20;640,46;36.320000;;;;;;;
2015-10-21;637,81;36.790001;;;;;;;
2015-10-22;638,14;35.799999;;;;;;;
2015-10-23;637,63;34.869999;;;;;;;
2015-10-26;635,59;34.580002;;;;;;;
2015-10-27;621,91;35.799999;;;;;;;
2015-10-28;627,39;36.470001;;;;;;;
2015-10-29;628,08;37.860001;;;;;;;
2015-10-30;624,57;38.000000;;;;;;;
2015-11-02;628,61;36.700001;;;;;;;
2015-11-03;629,98;37.360001;;;;;;;
2015-11-04;630,76;36.810001;;;;;;;
2015-11-05;628,29;37.599998;;;;;;;
2015-11-06;630,98;36.900002;;;;;;;
2015-11-09;622,98;36.180000;;;;;;;
2015-11-10;607,73;34.090000;;;;;;;
2015-11-11;605,41;33.299999;;;;;;;
2015-11-12;598,68;32.939999;;;;;;;
2015-11-13;591,24;31.110001;;;;;;;
2015-11-16;594,42;30.540001;;;;;;;
2015-11-17;589,04;30.600000;;;;;;;
2015-11-18;591,68;31.180000;;;;;;;
2015-11-19;596,04;null;;;;;;;
2015-11-20;598,26;29.200001;;;;;;;
2015-11-23;597;28.330000;;;;;;;
2015-11-24;598,8;28.350000;;;;;;;
2015-11-25;598,7;29.840000;;;;;;;
2015-11-26;600,11;32.049999;;;;;;;
2015-11-27;598,01;29.809999;;;;;;;
2015-11-30;594,33;30.549999;;;;;;;
2015-12-01;604,17;32.189999;;;;;;;
2015-12-02;611,38;33.700001;;;;;;;
2015-12-03;613,37;33.830002;;;;;;;
2015-12-04;612,35;31.370001;;;;;;;
2015-12-07;606,72;29.750000;;;;;;;
2015-12-08;599,42;32.709999;;;;;;;
2015-12-09;600,78;31.639999;;;;;;;
2015-12-10;592,47;30.969999;;;;;;;
2015-12-11;580,28;30.170000;;;;;;;
2015-12-14;591,29;28.360001;;;;;;;
2015-12-15;600,98;27.340000;;;;;;;
2015-12-16;629,01;27.299999;;;;;;;
2015-12-17;629,89;null;;;;;;;
2015-12-18;626,11;29.080000;;;;;;;
2015-12-21;626,39;29.139999;;;;;;;
2015-12-22;620,19;31.350000;;;;;;;
2015-12-23;629,29;30.600000;;;;;;;
2015-12-24;633,25;29.719999;;;;;;;
2015-12-25;633,17;33.340000;;;;;;;
2015-12-28;628,32;31.280001;;;;;;;
2015-12-29;628,12;32.189999;;;;;;;
2015-12-30;625,43;33.040001;;;;;;;
2015-12-31;625,72;32.720001;;;;;;;
2016-01-04;619,28;33.900002;;;;;;;
2016-01-05;617,79;33.889999;;;;;;;
2016-01-06;610,53;34.730000;;;;;;;
2016-01-07;587,63;34.660000;;;;;;;
2016-01-08;583,74;36.200001;;;;;;;
2016-01-11;571,22;37.939999;;;;;;;
2016-01-12;565,67;36.360001;;;;;;;
2016-01-13;558;38.169998;;;;;;;
2016-01-14;549,35;37.990002;;;;;;;
2016-01-15;531,97;38.169998;;;;;;;
2016-01-18;525,26;37.369999;;;;;;;
2016-01-19;530,13;36.740002;;;;;;;
2016-01-20;514,97;38.590000;;;;;;;
2016-01-21;510,6;40.250000;;;;;;;
2016-01-22;530,26;39.060001;;;;;;;
2016-01-25;525,73;41.590000;;;;;;;
2016-01-26;531,45;41.189999;;;;;;;
2016-01-27;534,74;39.730000;;;;;;;
2016-01-28;531,92;39.549999;;;;;;;
2016-01-29;550,74;39.320000;;;;;;;
2016-02-01;554,41;38.520000;;;;;;;
2016-02-02;540,76;38.299999;;;;;;;
2016-02-03;539,84;38.139999;;;;;;;
2016-02-04;546,04;36.610001;;;;;;;
2016-02-05;534,09;35.500000;;;;;;;
2016-02-08;516,8;36.520000;;;;;;;
2016-02-09;518,4;37.759998;;;;;;;
2016-02-10;510,67;37.520000;;;;;;;
2016-02-11;492,81;39.720001;;;;;;;
2016-02-12;493,15;40.349998;;;;;;;
2016-02-15;504,59;41.630001;;;;;;;
2016-02-16;513,47;41.540001;;;;;;;
2016-02-17;522,86;41.430000;;;;;;;
2016-02-18;526,86;38.750000;;;;;;;
2016-02-19;521,28;40.040001;;;;;;;
2016-02-22;530,36;40.799999;;;;;;;
2016-02-23;524,17;43.970001;;;;;;;
2016-02-24;527,74;43.419998;;;;;;;
2016-02-25;532,76;43.750000;;;;;;;
2016-02-26;537,4;42.959999;;;;;;;
2016-02-29;537,78;44.639999;;;;;;;
2016-03-01;542;45.299999;;;;;;;
2016-03-02;551,97;45.900002;;;;;;;
2016-03-03;559,54;45.900002;;;;;;;
2016-03-04;567,7;44.919998;;;;;;;
2016-03-07;571,9;43.849998;;;;;;;
2016-03-08;563,34;44.040001;;;;;;;
2016-03-09;566,56;44.520000;;;;;;;
2016-03-10;565,25;45.000000;;;;;;;
2016-03-11;578,93;43.250000;;;;;;;
2016-03-14;579,27;44.599998;;;;;;;
2016-03-15;572,63;46.000000;;;;;;;
2016-03-16;572,86;46.410000;;;;;;;
2016-03-17;589,32;46.279999;;;;;;;
2016-03-18;595,62;47.900002;;;;;;;
2016-03-21;592,72;48.529999;;;;;;;
2016-03-22;588,41;47.869999;;;;;;;
2016-03-23;575,62;48.200001;;;;;;;
2016-03-24;570,57;48.459999;;;;;;;
2016-03-25;571,01;48.080002;;;;;;;
2016-03-28;574,08;49.090000;;;;;;;
2016-03-29;578,42;49.700001;;;;;;;
2016-03-30;589,14;49.310001;;;;;;;
2016-03-31;588,45;49.540001;;;;;;;
2016-04-01;582,53;48.820000;;;;;;;
2016-04-04;577,39;48.900002;;;;;;;
2016-04-05;569,11;49.040001;;;;;;;
2016-04-06;569,53;48.880001;;;;;;;
2016-04-07;566,25;49.709999;;;;;;;
2016-04-08;571,29;50.410000;;;;;;;
2016-04-11;575,23;51.450001;;;;;;;
2016-04-12;581,49;50.470001;;;;;;;
2016-04-13;589,52;48.849998;;;;;;;
2016-04-14;586,74;48.520000;;;;;;;
2016-04-15;586,57;47.900002;;;;;;;
2016-04-18;583,92;47.450001;;;;;;;
2016-04-19;590,54;45.990002;;;;;;;
2016-04-20;591,01;48.290001;;;;;;;
2016-04-21;591,08;49.139999;;;;;;;
2016-04-22;588,9;50.220001;;;;;;;
2016-04-25;580,64;49.080002;;;;;;;
2016-04-26;586,12;50.299999;;;;;;;
2016-04-27;589,58;47.810001;;;;;;;
2016-04-28;584,97;46.590000;;;;;;;
2016-04-29;583,45;48.060001;;;;;;;
2016-05-02;574,12;49.549999;;;;;;;
2016-05-03;560,02;48.380001;;;;;;;
2016-05-04;556,48;49.110001;;;;;;;
2016-05-05;550,23;46.830002;;;;;;;
2016-05-06;552,09;47.880001;;;;;;;
2016-05-09;545,93;45.189999;;;;;;;
2016-05-10;549,94;45.070000;;;;;;;
2016-05-11;555,51;44.580002;;;;;;;
2016-05-12;550,64;46.580002;;;;;;;
2016-05-13;544,01;45.139999;;;;;;;
2016-05-16;545,06;45.520000;;;;;;;
2016-05-17;547,13;46.119999;;;;;;;
2016-05-18;538,33;45.230000;;;;;;;
2016-05-19;529,33;44.590000;;;;;;;
2016-05-20;538,52;45.650002;;;;;;;
2016-05-23;540,61;44.599998;;;;;;;
2016-05-24;543,81;44.200001;;;;;;;
2016-05-25;547,01;43.070000;;;;;;;
2016-05-26;545,93;42.660000;;;;;;;
2016-05-27;545,11;41.930000;;;;;;;
2016-05-30;546,61;41.119999;;;;;;;
2016-05-31;548,47;41.349998;;;;;;;
2016-06-01;557,05;40.080002;;;;;;;
2016-06-02;557,83;39.700001;;;;;;;
2016-06-03;560,6;41.160000;;;;;;;
2016-06-06;568,53;41.840000;;;;;;;
2016-06-07;571,85;41.990002;;;;;;;
2016-06-08;570,67;42.830002;;;;;;;
2016-06-09;565,34;42.740002;;;;;;;
2016-06-10;544,72;41.480000;;;;;;;
2016-06-13;532,95;43.459999;;;;;;;
2016-06-14;523,92;44.740002;;;;;;;
2016-06-15;527,35;45.590000;;;;;;;
2016-06-16;522,82;46.369999;;;;;;;
2016-06-17;535,05;46.900002;;;;;;;
2016-06-20;547,28;48.330002;;;;;;;
2016-06-21;545,91;48.400002;;;;;;;
2016-06-22;550,38;47.389999;;;;;;;
2016-06-23;557,6;47.590000;;;;;;;
2016-06-24;532,24;46.799999;;;;;;;
2016-06-27;521,62;47.369999;;;;;;;
2016-06-28;533,98;47.220001;;;;;;;
2016-06-29;549,7;46.980000;;;;;;;
2016-06-30;558,14;46.240002;;;;;;;
2016-07-01;560,68;44.849998;;;;;;;
2016-07-04;559,95;43.549999;;;;;;;
2016-07-05;554,23;44.150002;;;;;;;
2016-07-06;554,57;44.849998;;;;;;;
2016-07-07;554,92;46.119999;;;;;;;
2016-07-08;563,27;47.360001;;;;;;;
2016-07-11;575,62;45.570000;;;;;;;
2016-07-12;576,04;46.060001;;;;;;;
2016-07-13;571,87;45.000000;;;;;;;
2016-07-14;575,83;43.700001;;;;;;;
2016-07-15;571,29;43.709999;;;;;;;
2016-07-18;576,86;43.180000;;;;;;;
2016-07-19;573,25;43.130001;;;;;;;
2016-07-20;580,04;44.500000;;;;;;;
2016-07-21;581,39;45.619999;;;;;;;
2016-07-22;580,66;46.070000;;;;;;;
2016-07-25;580,98;44.619999;;;;;;;
2016-07-26;586,37;45.619999;;;;;;;
2016-07-27;583,69;44.959999;;;;;;;
2016-07-28;577,35;47.200001;;;;;;;
2016-07-29;578,27;47.759998;;;;;;;
2016-08-01;583,22;48.040001;;;;;;;
2016-08-02;578,75;48.650002;;;;;;;
2016-08-03;581,21;49.259998;;;;;;;
2016-08-04;586,11;49.650002;;;;;;;
2016-08-05;585,89;50.590000;;;;;;;
2016-08-08;589,74;51.099998;;;;;;;
2016-08-09;591,31;50.840000;;;;;;;
2016-08-10;582,54;50.000000;;;;;;;
2016-08-11;584,28;50.580002;;;;;;;
2016-08-12;583,05;50.230000;;;;;;;
2016-08-15;586,69;50.040001;;;;;;;
2016-08-16;585,49;50.770000;;;;;;;
2016-08-17;586,01;51.400002;;;;;;;
2016-08-18;595,91;50.660000;;;;;;;
2016-08-19;594,4;50.849998;;;;;;;
2016-08-22;592,35;50.490002;;;;;;;
2016-08-23;594,08;49.310001;;;;;;;
2016-08-24;592,25;49.220001;;;;;;;
2016-08-25;589,92;49.610001;;;;;;;
2016-08-26;591,25;48.250000;;;;;;;
2016-08-29;587,77;46.770000;;;;;;;
2016-08-30;587,7;46.320000;;;;;;;
2016-08-31;584,61;45.480000;;;;;;;
2016-09-01;585,4;44.630001;;;;;;;
2016-09-02;589,96;44.450001;;;;;;;
2016-09-05;596,69;44.970001;;;;;;;
2016-09-06;606,39;44.820000;;;;;;;
2016-09-07;608,32;45.310001;;;;;;;
2016-09-08;610,42;43.200001;;;;;;;
2016-09-09;599,32;43.759998;;;;;;;
2016-09-12;589,98;45.770000;;;;;;;
2016-09-13;580,57;45.369999;;;;;;;
2016-09-14;573,03;44.930000;;;;;;;
2016-09-15;575,17;45.830002;;;;;;;
2016-09-16;572,27;48.369999;;;;;;;
2016-09-19;580,64;47.939999;;;;;;;
2016-09-20;582,33;47.970001;;;;;;;
2016-09-21;586,94;45.430000;;;;;;;
2016-09-22;596,33;46.880001;;;;;;;
2016-09-23;591,78;45.240002;;;;;;;
2016-09-26;584,98;49.070000;;;;;;;
2016-09-27;587,58;51.009998;;;;;;;
2016-09-28;588,95;51.459999;;;;;;;
2016-09-29;589,03;50.970001;;;;;;;
2016-09-30;574,7;50.930000;;;;;;;
2016-10-03;577,6;49.880001;;;;;;;
2016-10-04;573,28;50.919998;;;;;;;
2016-10-05;579,43;52.580002;;;;;;;
2016-10-06;580,19;52.509998;;;;;;;
2016-10-07;571,25;52.450001;;;;;;;
2016-10-10;575;50.790001;;;;;;;
2016-10-11;565,96;51.099998;;;;;;;
2016-10-12;564,83;52.150002;;;;;;;
2016-10-13;566,09;52.110001;;;;;;;
2016-10-14;570,59;53.560001;;;;;;;
2016-10-17;569,23;52.520000;;;;;;;
2016-10-18;574,81;52.680000;;;;;;;
2016-10-19;577,26;53.290001;;;;;;;
2016-10-20;575,45;53.930000;;;;;;;
2016-10-21;571,55;53.660000;;;;;;;
2016-10-24;570,27;53.869999;;;;;;;
2016-10-25;565,5;54.200001;;;;;;;
2016-10-26;564,72;52.490002;;;;;;;
2016-10-27;561,34;53.389999;;;;;;;
2016-10-28;557,15;53.730000;;;;;;;
2016-10-31;557,95;53.750000;;;;;;;
2016-11-01;550,2;51.830002;;;;;;;
2016-11-02;540,23;50.810001;;;;;;;
2016-11-03;530,55;52.369999;;;;;;;
2016-11-04;529,63;53.049999;;;;;;;
2016-11-07;541,65;52.549999;;;;;;;
2016-11-08;542,41;52.520000;;;;;;;
2016-11-09;516,14;51.389999;;;;;;;
2016-11-10;505,99;51.450001;;;;;;;
2016-11-11;500,66;53.330002;;;;;;;
2016-11-14;496,28;52.860001;;;;;;;
2016-11-15;500,96;52.950001;;;;;;;
2016-11-16;500,7;52.959999;;;;;;;
2016-11-17;499,8;53.740002;;;;;;;
2016-11-18;498,45;53.150002;;;;;;;
2016-11-21;498,08;52.599998;;;;;;;
2016-11-22;502,14;52.759998;;;;;;;
2016-11-23;505,05;53.570000;;;;;;;
2016-11-24;507,96;53.680000;;;;;;;
2016-11-25;508,9;53.810001;;;;;;;
2016-11-28;511,98;53.139999;;;;;;;
2016-11-29;506,71;51.639999;;;;;;;
2016-11-30;506,23;52.369999;;;;;;;
2016-12-01;502,16;53.150002;;;;;;;
2016-12-02;498,41;53.799999;;;;;;;
2016-12-05;502,31;52.910000;;;;;;;
2016-12-06;503,35;53.000000;;;;;;;
2016-12-07;512,11;53.009998;;;;;;;
2016-12-08;511,86;53.470001;;;;;;;
2016-12-09;510,15;53.480000;;;;;;;
2016-12-12;509,14;54.259998;;;;;;;
2016-12-13;513,01;53.910000;;;;;;;
2016-12-14;505,42;54.330002;;;;;;;
2016-12-15;498,13;54.020000;;;;;;;
2016-12-16;497,8;54.040001;;;;;;;
2016-12-19;503,05;53.950001;;;;;;;
2016-12-20;500,04;53.689999;;;;;;;
2016-12-21;497,96;52.580002;;;;;;;
2016-12-22;499,49;53.189999;;;;;;;
2016-12-23;498,79;53.169998;;;;;;;
2016-12-26;499,01;52.790001;;;;;;;
2016-12-27;504,34;50.220001;;;;;;;
2016-12-28;502,82;49.610001;;;;;;;
2016-12-29;504,43;48.450001;;;;;;;
2016-12-30;507,02;48.450001;;;;;;;
2017-01-02;509,16;48.759998;;;;;;;
2017-01-03;511,28;49.009998;;;;;;;
2017-01-04;517,66;48.790001;;;;;;;
2017-01-05;521,64;48.700001;;;;;;;
2017-01-06;521,04;47.930000;;;;;;;
2017-01-09;521,8;48.160000;;;;;;;
2017-01-10;523,44;48.150002;;;;;;;
2017-01-11;526,98;47.669998;;;;;;;
2017-01-12;529,29;48.119999;;;;;;;
2017-01-13;529,1;47.889999;;;;;;;
2017-01-16;528,4;48.470001;;;;;;;
2017-01-17;533,49;49.599998;;;;;;;
2017-01-18;534,29;50.320000;;;;;;;
2017-01-19;529,78;50.689999;;;;;;;
2017-01-20;530,17;50.240002;;;;;;;
2017-01-23;531,21;51.180000;;;;;;;
2017-01-24;530,14;50.799999;;;;;;;
2017-01-25;534,1;51.700001;;;;;;;
2017-01-26;532,8;52.310001;;;;;;;
2017-01-27;531,75;53.130001;;;;;;;
2017-01-30;525,36;53.400002;;;;;;;
2017-01-31;528,83;52.849998;;;;;;;
2017-02-01;533,65;52.970001;;;;;;;
2017-02-02;534,36;52.750000;;;;;;;
2017-02-03;536,58;52.360001;;;;;;;
2017-02-06;533,11;50.630001;;;;;;;
2017-02-07;531,46;50.709999;;;;;;;
2017-02-08;535,61;49.680000;;;;;;;
2017-02-09;536,13;49.220001;;;;;;;
2017-02-10;542,29;49.360001;;;;;;;
2017-02-13;548,34;49.220001;;;;;;;
2017-02-14;550,19;49.270000;;;;;;;
2017-02-15;555,57;49.169998;;;;;;;
2017-02-16;557,2;48.779999;;;;;;;
2017-02-17;556,49;48.119999;;;;;;;
2017-02-20;557,8;47.599998;;;;;;;
2017-02-21;564,14;45.509998;;;;;;;
2017-02-22;561,01;46.349998;;;;;;;
2017-02-23;559,99;46.490002;;;;;;;
2017-02-24;555,15;46.180000;;;;;;;
2017-02-27;554,11;47.389999;;;;;;;
2017-02-28;552,62;47.810001;;;;;;;
2017-03-01;554,85;47.849998;;;;;;;
2017-03-02;552,92;48.820000;;;;;;;
2017-03-03;552,03;48.230000;;;;;;;
2017-03-06;550,25;48.930000;;;;;;;
2017-03-07;551,58;49.279999;;;;;;;
2017-03-08;550,46;50.599998;;;;;;;
2017-03-09;544,61;51.040001;;;;;;;
2017-03-10;545,6;51.439999;;;;;;;
2017-03-13;550,77;51.250000;;;;;;;
2017-03-14;548,93;48.750000;;;;;;;
2017-03-15;550,89;49.930000;;;;;;;
2017-03-16;558,29;49.650002;;;;;;;
2017-03-17;558,62;48.630001;;;;;;;
2017-03-20;555,05;48.040001;;;;;;;
2017-03-21;546,84;47.709999;;;;;;;
2017-03-22;540,33;47.400002;;;;;;;
2017-03-23;540,42;47.980000;;;;;;;
2017-03-24;542,12;45.849998;;;;;;;
2017-03-27;541,44;45.709999;;;;;;;
2017-03-28;545,89;45.799999;;;;;;;
2017-03-29;546,47;46.009998;;;;;;;
2017-03-30;542,93;45.939999;;;;;;;
2017-03-31;544,61;44.689999;;;;;;;
2017-04-03;543,71;44.250000;;;;;;;
2017-04-04;545,21;44.680000;;;;;;;
2017-04-05;541,09;44.110001;;;;;;;
2017-04-06;542,33;43.380001;;;;;;;
2017-04-07;541,97;42.549999;;;;;;;
2017-04-10;543,73;42.799999;;;;;;;
2017-04-11;545,6;43.160000;;;;;;;
2017-04-12;543,4;43.490002;;;;;;;
2017-04-13;539,36;43.700001;;;;;;;
2017-04-14;538,42;44.889999;;;;;;;
2017-04-17;544,35;44.889999;;;;;;;
2017-04-18;541,33;null;;;;;;;
2017-04-19;538,42;47.040001;;;;;;;
2017-04-20;538,34;45.650002;;;;;;;
2017-04-21;534,72;45.349998;;;;;;;
2017-04-24;540,69;44.349998;;;;;;;
2017-04-25;544,17;44.580002;;;;;;;
2017-04-26;541,97;45.740002;;;;;;;
2017-04-27;537,64;45.439999;;;;;;;
2017-04-28;540,52;46.080002;;;;;;;
2017-05-01;543,36;46.680000;;;;;;;
2017-05-02;547,7;45.990002;;;;;;;
2017-05-03;549,05;46.250000;;;;;;;
2017-05-04;544,01;47.090000;;;;;;;
2017-05-05;549,97;46.910000;;;;;;;
2017-05-08;547,21;45.619999;;;;;;;
2017-05-09;550,18;46.459999;;;;;;;
2017-05-10;551,76;48.509998;;;;;;;
2017-05-11;548,28;48.700001;;;;;;;
2017-05-12;548,81;49.169998;;;;;;;
2017-05-15;553,46;49.849998;;;;;;;
2017-05-16;554,12;50.209999;;;;;;;
2017-05-17;547,45;48.799999;;;;;;;
2017-05-18;537,08;49.590000;;;;;;;
2017-05-19;543,3;48.950001;;;;;;;
2017-05-22;544,34;49.590000;;;;;;;
2017-05-23;546,1;49.310001;;;;;;;
2017-05-24;550,35;49.000000;;;;;;;
2017-05-25;552,51;49.680000;;;;;;;
2017-05-26;549,88;48.520000;;;;;;;
2017-05-29;549,14;48.790001;;;;;;;
2017-05-30;550,81;47.490002;;;;;;;
2017-05-31;548,81;47.720001;;;;;;;
2017-06-01;549,41;46.799999;;;;;;;
2017-06-02;549,54;46.930000;;;;;;;
2017-06-05;547,99;48.720001;;;;;;;
2017-06-06;549,73;47.450001;;;;;;;
2017-06-07;545,73;47.639999;;;;;;;
2017-06-08;545,35;48.360001;;;;;;;
2017-06-09;542,22;47.619999;;;;;;;
2017-06-12;540,16;47.889999;;;;;;;
2017-06-13;541,35;46.860001;;;;;;;
2017-06-14;542,51;46.310001;;;;;;;
2017-06-15;536,57;45.950001;;;;;;;
2017-06-16;536,58;47.080002;;;;;;;
2017-06-19;539,99;47.279999;;;;;;;
2017-06-20;535,16;48.590000;;;;;;;
2017-06-21;536,83;49.139999;;;;;;;
2017-06-22;542,88;49.090000;;;;;;;
2017-06-23;546,03;47.580002;;;;;;;
2017-06-26;549,32;48.119999;;;;;;;
2017-06-27;546,47;48.340000;;;;;;;
2017-06-28;549,11;49.310001;;;;;;;
2017-06-29;545,4;49.720001;;;;;;;
2017-06-30;548,03;49.849998;;;;;;;
2017-07-03;549,03;49.910000;;;;;;;
2017-07-04;547,16;49.840000;;;;;;;
2017-07-05;545;50.720001;;;;;;;
2017-07-06;546,6;50.730000;;;;;;;
2017-07-07;545,7;50.680000;;;;;;;
2017-07-10;547,51;52.119999;;;;;;;
2017-07-11;547,54;52.090000;;;;;;;
2017-07-12;554,87;52.049999;;;;;;;
2017-07-13;555,46;51.580002;;;;;;;
2017-07-14;561,99;51.639999;;;;;;;
2017-07-17;562,92;50.590000;;;;;;;
2017-07-18;567,76;50.160000;;;;;;;
2017-07-19;575,25;49.880001;;;;;;;
2017-07-20;577,77;50.750000;;;;;;;
2017-07-21;575,3;49.250000;;;;;;;
2017-07-24;576,05;49.549999;;;;;;;
2017-07-25;575,75;50.939999;;;;;;;
2017-07-26;577,4;51.000000;;;;;;;
2017-07-27;572,1;50.730000;;;;;;;
2017-07-28;576,79;51.430000;;;;;;;
2017-07-31;578,03;51.930000;;;;;;;
2017-08-01;578,84;51.939999;;;;;;;
2017-08-02;577,44;52.049999;;;;;;;
2017-08-03;580,16;51.419998;;;;;;;
2017-08-04;581,92;52.070000;;;;;;;
2017-08-07;587,99;51.889999;;;;;;;
2017-08-08;585,72;52.560001;;;;;;;
2017-08-09;582;52.189999;;;;;;;
2017-08-10;573,78;52.799999;;;;;;;
2017-08-11;573,48;54.160000;;;;;;;
2017-08-14;578,22;54.080002;;;;;;;
2017-08-15;579,24;54.650002;;;;;;;
2017-08-16;581,31;54.279999;;;;;;;
2017-08-17;572,44;54.730000;;;;;;;
2017-08-18;576,5;55.970001;;;;;;;
2017-08-21;570,18;57.270000;;;;;;;
2017-08-22;574,35;56.959999;;;;;;;
2017-08-23;575,44;56.849998;;;;;;;
2017-08-24;577,67;57.020000;;;;;;;
2017-08-25;577,64;56.900002;;;;;;;
2017-08-28;578,51;56.720001;;;;;;;
2017-08-29;579,58;55.060001;;;;;;;
2017-08-30;580,11;55.299999;;;;;;;
2017-08-31;580,91;55.250000;;;;;;;
2017-09-01;581,8;56.689999;;;;;;;
2017-09-04;580,67;56.380001;;;;;;;
2017-09-05;580,34;57.119999;;;;;;;
2017-09-06;580,18;null;;;;;;;
2017-09-07;583,08;58.950001;;;;;;;
2017-09-08;580,37;57.860001;;;;;;;
2017-09-11;584,76;57.730000;;;;;;;
2017-09-12;586,15;57.410000;;;;;;;
2017-09-13;582,66;57.419998;;;;;;;
2017-09-14;588,97;58.320000;;;;;;;
2017-09-15;588,12;57.480000;;;;;;;
2017-09-18;585,72;57.450001;;;;;;;
2017-09-19;586,77;56.000000;;;;;;;
2017-09-20;587,51;56.650002;;;;;;;
2017-09-21;584,14;57.250000;;;;;;;
2017-09-22;585,27;58.020000;;;;;;;
2017-09-25;573,31;57.450001;;;;;;;
2017-09-26;570,49;56.700001;;;;;;;
2017-09-27;573,91;57.150002;;;;;;;
2017-09-28;571,14;57.369999;;;;;;;
2017-09-29;570,4;57.299999;;;;;;;
2017-10-02;573,55;57.660000;;;;;;;
2017-10-03;579,78;58.020000;;;;;;;
2017-10-04;579,83;58.209999;;;;;;;
2017-10-05;579,95;58.400002;;;;;;;
2017-10-06;580,98;59.790001;;;;;;;
2017-10-09;577,04;59.529999;;;;;;;
2017-10-10;581,93;59.910000;;;;;;;
2017-10-11;582,8;60.200001;;;;;;;
2017-10-12;586,27;60.389999;;;;;;;
2017-10-13;587,61;61.959999;;;;;;;
2017-10-16;584,04;61.900002;;;;;;;
2017-10-17;588,05;61.610001;;;;;;;
2017-10-18;588,48;61.919998;;;;;;;
2017-10-19;585,14;63.410000;;;;;;;
2017-10-20;585,64;63.500000;;;;;;;
2017-10-23;586,19;63.570000;;;;;;;
2017-10-24;582,15;64.430000;;;;;;;
2017-10-25;581,37;63.889999;;;;;;;
2017-10-26;584,83;64.070000;;;;;;;
2017-10-27;592,01;63.740002;;;;;;;
2017-10-30;594,67;63.610001;;;;;;;
2017-10-31;594,21;63.880001;;;;;;;
2017-11-01;594,07;64.419998;;;;;;;
2017-11-02;595,75;65.879997;;;;;;;
2017-11-03;590,71;65.250000;;;;;;;
2017-11-06;595,8;66.180000;;;;;;;
2017-11-07;586,89;65.529999;;;;;;;
2017-11-08;592,15;64.029999;;;;;;;
2017-11-09;583,05;64.760002;;;;;;;
2017-11-10;579,42;65.989998;;;;;;;
2017-11-13;578,62;65.099998;;;;;;;
2017-11-14;576,93;63.430000;;;;;;;
2017-11-15;572,75;63.919998;;;;;;;
2017-11-16;577,19;61.700001;;;;;;;
2017-11-17;572,54;60.430000;;;;;;;
2017-11-20;571,98;59.119999;;;;;;;
2017-11-21;570,04;59.349998;;;;;;;
2017-11-22;573,16;58.980000;;;;;;;
2017-11-23;572,53;60.709999;;;;;;;
2017-11-24;575,1;61.450001;;;;;;;
2017-11-27;569,21;61.630001;;;;;;;
2017-11-28;575,86;61.630001;;;;;;;
2017-11-29;569,04;61.340000;;;;;;;
2017-11-30;568,7;62.599998;;;;;;;
2017-12-01;564,64;63.599998;;;;;;;
2017-12-04;554,99;64.059998;;;;;;;
2017-12-05;555,07;62.790001;;;;;;;
2017-12-06;552,73;61.549999;;;;;;;
2017-12-07;560,86;61.340000;;;;;;;
2017-12-08;567,85;61.549999;;;;;;;
2017-12-11;570,95;62.580002;;;;;;;
2017-12-12;568,09;62.299999;;;;;;;
2017-12-13;571,74;61.330002;;;;;;;
2017-12-14;574,99;60.270000;;;;;;;
2017-12-15;577,32;62.099998;;;;;;;
2017-12-18;584,72;61.369999;;;;;;;
2017-12-19;580,63;60.869999;;;;;;;
2017-12-20;583,29;60.950001;;;;;;;
2017-12-21;590,54;61.189999;;;;;;;
2017-12-22;591,14;62.230000;;;;;;;
2017-12-25;591,08;62.099998;;;;;;;
2017-12-26;591,29;63.720001;;;;;;;
2017-12-27;596,64;65.500000;;;;;;;
2017-12-28;598,26;64.279999;;;;;;;
2017-12-29;599,29;65.900002;;;;;;;
2018-01-02;607,52;65.529999;;;;;;;
2018-01-03;606,22;64.699997;;;;;;;
2018-01-04;601,25;64.690002;;;;;;;
2018-01-05;604,79;64.910004;;;;;;;
2018-01-08;613,18;62.889999;;;;;;;
2018-01-09;610,54;63.590000;;;;;;;
2018-01-10;610,59;63.599998;;;;;;;
2018-01-11;622,11;63.700001;;;;;;;
2018-01-12;619,74;62.000000;;;;;;;
2018-01-15;620,36;63.299999;;;;;;;
2018-01-16;617,15;65.589996;;;;;;;
2018-01-17;615,93;66.750000;;;;;;;
2018-01-18;616,37;67.180000;;;;;;;
2018-01-19;616,52;67.239998;;;;;;;
2018-01-22;617,53;66.419998;;;;;;;
2018-01-23;616,35;66.680000;;;;;;;
2018-01-24;613,15;68.750000;;;;;;;
2018-01-25;616,22;68.260002;;;;;;;
2018-01-26;615,11;68.220001;;;;;;;
2018-01-29;616,21;68.949997;;;;;;;
2018-01-30;615,98;67.750000;;;;;;;
2018-01-31;616,53;68.029999;;;;;;;
2018-02-01;612,62;68.209999;;;;;;;
2018-02-02;602,94;68.150002;;;;;;;
2018-02-05;589,12;68.559998;;;;;;;
2018-02-06;580,15;67.489998;;;;;;;
2018-02-07;582,43;67.680000;;;;;;;
2018-02-08;572,41;68.500000;;;;;;;
2018-02-09;569,71;69.849998;;;;;;;
2018-02-12;577;70.029999;;;;;;;
2018-02-13;584,41;70.050003;;;;;;;
2018-02-14;591,55;71.230003;;;;;;;
2018-02-15;604,12;71.449997;;;;;;;
2018-02-16;606,54;70.540001;;;;;;;
2018-02-19;605,75;71.150002;;;;;;;
2018-02-20;607,68;71.019997;;;;;;;
2018-02-21;609,13;71.559998;;;;;;;
2018-02-22;608,06;71.599998;;;;;;;
2018-02-23;607,66;71.470001;;;;;;;
2018-02-26;612,73;72.529999;;;;;;;
2018-02-27;607,16;72.110001;;;;;;;
2018-02-28;602,44;71.830002;;;;;;;
2018-03-01;599,67;70.650002;;;;;;;
2018-03-02;599,09;66.489998;;;;;;;
2018-03-05;599,67;66.849998;;;;;;;
2018-03-06;606,35;68.239998;;;;;;;
2018-03-07;604,38;67.070000;;;;;;;
2018-03-08;607,35;65.709999;;;;;;;
2018-03-09;611,02;64.940002;;;;;;;
2018-03-12;615,95;65.510002;;;;;;;
2018-03-13;615,96;65.070000;;;;;;;
2018-03-14;617,47;65.980003;;;;;;;
2018-03-15;614,34;65.559998;;;;;;;
2018-03-16;611,72;66.050003;;;;;;;
2018-03-19;615,11;66.010002;;;;;;;
2018-03-20;618,61;66.620003;;;;;;;
2018-03-21;621,16;66.620003;;;;;;;
2018-03-22;613,13;64.400002;;;;;;;
2018-03-23;606,12;65.820000;;;;;;;
2018-03-26;619,5;65.110001;;;;;;;
2018-03-27;617,38;65.339996;;;;;;;
2018-03-28;605,28;65.930000;;;;;;;
2018-03-29;605,94;68.750000;;;;;;;
2018-03-30;606,15;68.209999;;;;;;;
2018-04-02;604,37;70.680000;;;;;;;
2018-04-03;611,48;72.269997;;;;;;;
2018-04-04;611,77;73.330002;;;;;;;
2018-04-05;618,96;73.620003;;;;;;;
2018-04-06;616,26;null;;;;;;;
2018-04-09;621,41;74.349998;;;;;;;
2018-04-10;624,74;73.160004;;;;;;;
2018-04-11;625,06;73.870003;;;;;;;
2018-04-12;625,01;74.040001;;;;;;;
2018-04-13;622,4;74.199997;;;;;;;
2018-04-16;617,65;70.599998;;;;;;;
2018-04-17;619,12;70.379997;;;;;;;
2018-04-18;627,49;70.519997;;;;;;;
2018-04-19;629,97;68.029999;;;;;;;
2018-04-20;625,5;67.610001;;;;;;;
2018-04-23;620,27;69.000000;;;;;;;
2018-04-24;619,27;69.389999;;;;;;;
2018-04-25;614,13;68.169998;;;;;;;
2018-04-26;619,79;67.800003;;;;;;;
2018-04-27;631,12;68.769997;;;;;;;
2018-04-30;631,43;69.379997;;;;;;;
2018-05-01;628,09;69.580002;;;;;;;
2018-05-02;624,42;69.010002;;;;;;;
2018-05-03;622,05;70.050003;;;;;;;
2018-05-04;621,12;68.430000;;;;;;;
2018-05-07;627,76;67.860001;;;;;;;
2018-05-08;619,94;68.989998;;;;;;;
2018-05-09;623,22;68.650002;;;;;;;
2018-05-10;635,23;68.900002;;;;;;;
2018-05-11;631,61;69.089996;;;;;;;
2018-05-14;634,9;66.790001;;;;;;;
2018-05-15;634,61;66.739998;;;;;;;
2018-05-16;632,7;67.779999;;;;;;;
2018-05-17;632,61;67.419998;;;;;;;
2018-05-18;629,19;66.620003;;;;;;;
2018-05-21;635,52;64.949997;;;;;;;
2018-05-22;637,05;65.470001;;;;;;;
2018-05-23;632,69;65.910004;;;;;;;
2018-05-24;627,36;66.620003;;;;;;;
2018-05-25;618,95;66.080002;;;;;;;
2018-05-28;617,79;68.070000;;;;;;;
2018-05-29;612,66;67.900002;;;;;;;
2018-05-30;615,19;68.570000;;;;;;;
2018-05-31;617,44;68.930000;;;;;;;
2018-06-01;614,45;68.540001;;;;;;;
2018-06-04;600,68;69.709999;;;;;;;
2018-06-05;592,94;70.059998;;;;;;;
2018-06-06;589,91;70.120003;;;;;;;
2018-06-07;587,62;69.430000;;;;;;;
2018-06-08;584,75;68.639999;;;;;;;
2018-06-11;585,55;67.879997;;;;;;;
2018-06-12;587,67;67.820000;;;;;;;
2018-06-13;586,21;67.529999;;;;;;;
2018-06-14;584,43;69.889999;;;;;;;
2018-06-15;580,92;70.239998;;;;;;;
2018-06-18;580,23;68.790001;;;;;;;
2018-06-19;575,02;68.930000;;;;;;;
2018-06-20;576,5;68.800003;;;;;;;
2018-06-21;572,92;69.709999;;;;;;;
2018-06-22;575,62;71.389999;;;;;;;
2018-06-25;572,52;70.199997;;;;;;;
2018-06-26;567,1;71.139999;;;;;;;
2018-06-27;558,75;72.250000;;;;;;;
2018-06-28;555,99;72.089996;;;;;;;
2018-06-29;560,82;72.010002;;;;;;;
2018-07-02;560,81;72.180000;;;;;;;
2018-07-03;562,43;73.290001;;;;;;;
2018-07-04;559,66;75.419998;;;;;;;
2018-07-05;563,1;75.120003;;;;;;;
2018-07-06;569,13;76.180000;;;;;;;
2018-07-09;575,84;74.669998;;;;;;;
2018-07-10;574,76;74.400002;;;;;;;
2018-07-11;569,94;74.209999;;;;;;;
2018-07-12;573,63;74.660004;;;;;;;
2018-07-13;571,24;72.680000;;;;;;;
2018-07-16;568,45;70.989998;;;;;;;
2018-07-17;567,17;71.849998;;;;;;;
2018-07-18;569,3;71.720001;;;;;;;
2018-07-19;569,7;72.169998;;;;;;;
2018-07-20;573,14;70.029999;;;;;;;
2018-07-23;573,74;68.680000;;;;;;;
2018-07-24;579,55;69.410004;;;;;;;
2018-07-25;586,26;69.550003;;;;;;;
2018-07-26;583,64;66.169998;;;;;;;
2018-07-27;584,4;66.360001;;;;;;;
2018-07-30;582,83;66.949997;;;;;;;
2018-07-31;584,34;67.550003;;;;;;;
2018-08-01;583,53;66.680000;;;;;;;
2018-08-02;579,34;66.320000;;;;;;;
2018-08-03;574,93;64.879997;;;;;;;
2018-08-06;572,41;63.500000;;;;;;;
2018-08-07;573,17;62.990002;;;;;;;
2018-08-08;572,88;62.700001;;;;;;;
2018-08-09;573,04;61.740002;;;;;;;
2018-08-10;564,44;61.639999;;;;;;;
2018-08-13;556,38;60.750000;;;;;;;
2018-08-14;546,12;60.700001;;;;;;;
2018-08-15;538,66;58.880001;;;;;;;
2018-08-16;542,2;55.270000;;;;;;;
2018-08-17;545,92;56.020000;;;;;;;
2018-08-20;554,56;56.580002;;;;;;;
2018-08-21;560,37;56.720001;;;;;;;
2018-08-22;559,3;57.389999;;;;;;;
2018-08-23;553,15;53.389999;;;;;;;
2018-08-24;556,82;null;;;;;;;
2018-08-27;561,31;50.619999;;;;;;;
2018-08-28;560,24;51.540001;;;;;;;
2018-08-29;560,3;52.090000;;;;;;;
2018-08-30;555,04;50.310001;;;;;;;
2018-08-31;556,93;51.270000;;;;;;;
2018-09-03;556,16;52.450001;;;;;;;
2018-09-04;551,43;53.130001;;;;;;;
2018-09-05;547,04;52.930000;;;;;;;
2018-09-06;547,5;51.759998;;;;;;;
2018-09-07;543,67;52.029999;;;;;;;
2018-09-10;542,55;50.889999;;;;;;;
2018-09-11;543,93;51.950001;;;;;;;
2018-09-12;544,81;51.200001;;;;;;;
2018-09-13;542,48;52.830002;;;;;;;
2018-09-14;543,59;51.250000;;;;;;;
2018-09-17;542,93;49.160000;;;;;;;
2018-09-18;549,58;45.930000;;;;;;;
2018-09-19;551,46;47.389999;;;;;;;
2018-09-20;555,15;46.250000;;;;;;;
2018-09-21;560,38;null;;;;;;;
2018-09-24;555,14;42.849998;;;;;;;
2018-09-25;552,39;46.580002;;;;;;;
2018-09-26;550,53;45.439999;;;;;;;
2018-09-27;545,96;45.220001;;;;;;;
2018-09-28;546,51;45.799999;;;;;;;
2018-10-01;543,85;46.259998;;;;;;;
2018-10-02;549,46;46.900002;;;;;;;
2018-10-03;549,18;48.299999;;;;;;;
2018-10-04;540,34;48.730000;;;;;;;
2018-10-05;538,54;49.799999;;;;;;;
2018-10-08;539,93;52.180000;;;;;;;
2018-10-09;541,2;52.279999;;;;;;;
2018-10-10;530,17;51.730000;;;;;;;
2018-10-11;519,72;50.779999;;;;;;;
2018-10-12;527,88;52.000000;;;;;;;
2018-10-15;527,38;52.299999;;;;;;;
2018-10-16;536,39;52.230000;;;;;;;
2018-10-17;535,89;53.730000;;;;;;;
2018-10-18;531,52;52.950001;;;;;;;
2018-10-19;531,62;52.450001;;;;;;;
2018-10-22;532,47;53.169998;;;;;;;
2018-10-23;519,96;53.560001;;;;;;;
2018-10-24;513,26;52.119999;;;;;;;
2018-10-25;518,38;53.240002;;;;;;;
2018-10-26;513,8;54.279999;;;;;;;
2018-10-29;507,37;54.009998;;;;;;;
2018-10-30;511,17;55.320000;;;;;;;
2018-10-31;516,86;54.860001;;;;;;;
2018-11-01;531,06;53.730000;;;;;;;
2018-11-02;533,27;53.939999;;;;;;;
2018-11-05;539,17;52.590000;;;;;;;
2018-11-06;545,21;52.660000;;;;;;;
2018-11-07;561,14;52.470001;;;;;;;
2018-11-08;558,71;53.349998;;;;;;;
2018-11-09;553,68;53.959999;;;;;;;
2018-11-12;553,56;54.480000;;;;;;;
2018-11-13;550,59;55.779999;;;;;;;
2018-11-14;549,73;55.939999;;;;;;;
2018-11-15;552,17;57.240002;;;;;;;
2018-11-16;557,17;56.840000;;;;;;;
2018-11-19;554,24;57.169998;;;;;;;
2018-11-20;544,77;55.459999;;;;;;;
2018-11-21;552,12;55.950001;;;;;;;
2018-11-22;550,56;57.000000;;;;;;;
2018-11-23;550,92;57.220001;;;;;;;
2018-11-26;555,69;55.830002;;;;;;;
2018-11-27;562,05;56.450001;;;;;;;
2018-11-28;572,18;56.279999;;;;;;;
2018-11-29;573,7;56.200001;;;;;;;
2018-11-30;569,94;56.430000;;;;;;;
2018-12-03;577,58;56.070000;;;;;;;
2018-12-04;572,25;56.759998;;;;;;;
2018-12-05;567,95;57.090000;;;;;;;
2018-12-06;563,66;58.349998;;;;;;;
2018-12-07;558,05;58.509998;;;;;;;
2018-12-10;552,85;58.450001;;;;;;;
2018-12-11;554,33;59.009998;;;;;;;
2018-12-12;560,39;59.020000;;;;;;;
2018-12-13;564,47;59.990002;;;;;;;
2018-12-14;558,53;59.869999;;;;;;;
2018-12-17;548,16;58.980000;;;;;;;
2018-12-18;542,39;59.119999;;;;;;;
2018-12-19;539,21;60.029999;;;;;;;
2018-12-20;532,66;59.400002;;;;;;;
2018-12-21;523,89;59.529999;;;;;;;
2018-12-24;517,84;60.240002;;;;;;;
2018-12-26;529,98;61.810001;;;;;;;
2018-12-27;527,76;62.639999;;;;;;;
2018-12-28;529,18;62.500000;;;;;;;
2018-12-31;531,48;62.180000;;;;;;;
2019-01-02;534,97;63.330002;;;;;;;
2019-01-03;528,82;64.400002;;;;;;;
2019-01-04;543,81;64.220001;;;;;;;
2019-01-07;547;64.480003;;;;;;;
2019-01-08;553,41;63.709999;;;;;;;
2019-01-09;560,29;63.759998;;;;;;;
2019-01-10;567,66;63.570000;;;;;;;
2019-01-11;570,49;64.320000;;;;;;;
2019-01-14;565,83;63.750000;;;;;;;
2019-01-15;566,89;64.000000;;;;;;;
2019-01-16;568,97;65.750000;;;;;;;
2019-01-17;573,34;66.169998;;;;;;;
2019-01-18;574,82;65.809998;;;;;;;
2019-01-21;577,01;65.129997;;;;;;;
2019-01-22;572,31;62.950001;;;;;;;
2019-01-23;575,09;63.580002;;;;;;;
2019-01-24;587,23;63.400002;;;;;;;
2019-01-25;590,12;63.610001;;;;;;;
2019-01-28;589,53;61.549999;;;;;;;
2019-01-29;593,82;61.430000;;;;;;;
2019-01-30;598,33;62.169998;;;;;;;
2019-01-31;608,7;61.439999;;;;;;;
2019-02-01;610,75;62.020000;;;;;;;
2019-02-04;609,4;61.639999;;;;;;;
2019-02-05;611,96;61.650002;;;;;;;
2019-02-06;609,45;60.860001;;;;;;;
2019-02-07;606,47;61.369999;;;;;;;
2019-02-08;603,63;62.119999;;;;;;;
2019-02-11;607,25;63.119999;;;;;;;
2019-02-12;612,19;63.529999;;;;;;;
2019-02-13;614,65;63.279999;;;;;;;
2019-02-14;620,31;62.639999;;;;;;;
2019-02-15;615,46;61.270000;;;;;;;
2019-02-18;618,29;58.209999;;;;;;;
2019-02-19;621,28;58.939999;;;;;;;
2019-02-20;619,62;59.070000;;;;;;;
2019-02-21;623,05;59.119999;;;;;;;
2019-02-22;629,94;56.459999;;;;;;;
2019-02-25;630,02;53.419998;;;;;;;
2019-02-26;629,94;52.889999;;;;;;;
2019-02-27;624,88;52.860001;;;;;;;
2019-02-28;625,48;51.660000;;;;;;;
2019-03-01;623,51;53.099998;;;;;;;
2019-03-04;627,82;54.240002;;;;;;;
2019-03-05;628,27;53.430000;;;;;;;
2019-03-06;620,37;53.040001;;;;;;;
2019-03-07;616,13;51.070000;;;;;;;
2019-03-08;610,73;52.180000;;;;;;;
2019-03-11;622,9;52.500000;;;;;;;
2019-03-12;630,06;51.950001;;;;;;;
2019-03-13;633,63;54.090000;;;;;;;
2019-03-14;632,15;54.119999;;;;;;;
2019-03-15;630,04;57.259998;;;;;;;
2019-03-18;637,66;57.720001;;;;;;;
2019-03-19;637,29;57.740002;;;;;;;
2019-03-20;635,03;58.840000;;;;;;;
2019-03-21;631,72;59.270000;;;;;;;
2019-03-22;620,63;59.220001;;;;;;;
2019-03-25;616,67;59.270000;;;;;;;
2019-03-26;618,51;59.139999;;;;;;;
2019-03-27;619,25;null;;;;;;;
2019-03-28;621,13;57.380001;;;;;;;
2019-03-29;624,81;57.770000;;;;;;;
2019-04-01;629,57;57.560001;;;;;;;
2019-04-02;631,26;58.400002;;;;;;;
2019-04-03;636,66;60.439999;;;;;;;
2019-04-04;638,65;60.459999;;;;;;;
2019-04-05;645,45;60.250000;;;;;;;
2019-04-08;644,94;59.259998;;;;;;;
2019-04-09;641,73;57.520000;;;;;;;
2019-04-10;647,53;56.599998;;;;;;;
2019-04-11;642,69;55.720001;;;;;;;
2019-04-12;639,74;56.220001;;;;;;;
2019-04-15;643,93;56.169998;;;;;;;
2019-04-16;645,75;57.230000;;;;;;;
2019-04-17;645,92;55.900002;;;;;;;
2019-04-18;644,6;55.930000;;;;;;;
2019-04-22;645,86;56.200001;;;;;;;
2019-04-23;648,03;57.070000;;;;;;;
2019-04-24;647,93;58.340000;;;;;;;
2019-04-25;645,92;57.849998;;;;;;;
2019-04-26;647,71;54.540001;;;;;;;
2019-04-29;648,05;55.380001;;;;;;;
2019-04-30;649,09;54.950001;;;;;;;
2019-05-01;650,41;53.419998;;;;;;;
2019-05-02;644,7;52.330002;;;;;;;
2019-05-03;652,31;52.880001;;;;;;;
2019-05-06;639,6;54.320000;;;;;;;
2019-05-07;649,01;54.730000;;;;;;;
2019-05-08;645,17;56.740002;;;;;;;
2019-05-09;636,1;54.900002;;;;;;;
2019-05-10;641,03;54.740002;;;;;;;
2019-05-13;628,52;54.959999;;;;;;;
2019-05-14;630,97;56.099998;;;;;;;
2019-05-15;636,84;56.049999;;;;;;;
2019-05-16;639,97;55.939999;;;;;;;
2019-05-17;632,97;55.349998;;;;;;;
2019-05-20;628,4;53.250000;;;;;;;
2019-05-21;640,53;53.759998;;;;;;;
2019-05-22;642,05;55.709999;;;;;;;
2019-05-23;628,78;55.880001;;;;;;;
2019-05-24;633,93;56.630001;;;;;;;
2019-05-27;634,11;55.000000;;;;;;;
2019-05-28;639,04;53.919998;;;;;;;
2019-05-29;634,13;55.950001;;;;;;;
2019-05-30;637,98;56.189999;;;;;;;
2019-05-31;637,38;56.799999;;;;;;;
2019-06-03;646,66;58.029999;;;;;;;
2019-06-04;650,03;57.889999;;;;;;;
2019-06-05;652,87;55.930000;;;;;;;
2019-06-06;652,63;55.150002;;;;;;;
2019-06-07;659,23;61.480000;;;;;;;
2019-06-10;661,54;61.959999;;;;;;;
2019-06-11;665,57;58.810001;;;;;;;
2019-06-12;660,64;58.200001;;;;;;;
2019-06-13;668,03;58.650002;;;;;;;
2019-06-14;662,94;59.250000;;;;;;;
2019-06-17;660,66;58.439999;;;;;;;
2019-06-18;668,28;56.700001;;;;;;;
2019-06-19;672,81;56.689999;;;;;;;
2019-06-20;681,7;56.509998;;;;;;;
2019-06-21;678,78;56.540001;;;;;;;
2019-06-24;680,45;54.279999;;;;;;;
2019-06-25;674,51;54.000000;;;;;;;
2019-06-26;673,12;52.470001;;;;;;;
2019-06-27;677,57;52.290001;;;;;;;
2019-06-28;680,9;52.689999;;;;;;;
2019-07-01;681,81;52.810001;;;;;;;
2019-07-02;689,03;52.570000;;;;;;;
2019-07-03;692,5;52.689999;;;;;;;
2019-07-04;692,14;53.880001;;;;;;;
2019-07-05;693,12;54.900002;;;;;;;
2019-07-08;691,9;53.509998;;;;;;;
2019-07-09;691,37;52.919998;;;;;;;
2019-07-10;693,35;52.990002;;;;;;;
2019-07-11;692,67;54.090000;;;;;;;
2019-07-12;690,92;53.709999;;;;;;;
2019-07-15;687,94;53.389999;;;;;;;
2019-07-16;691,26;54.299999;;;;;;;
2019-07-17;690,91;55.900002;;;;;;;
2019-07-18;693,12;56.070000;;;;;;;
2019-07-19;692,54;56.650002;;;;;;;
2019-07-22;692,21;55.799999;;;;;;;
2019-07-23;687,85;55.529999;;;;;;;
2019-07-24;689,52;54.900002;;;;;;;
2019-07-25;687,08;54.150002;;;;;;;
2019-07-26;686,96;56.410000;;;;;;;
2019-07-29;687,69;56.560001;;;;;;;
2019-07-30;682,09;57.259998;;;;;;;
2019-07-31;686,23;56.349998;;;;;;;
2019-08-01;692,93;57.080002;;;;;;;
2019-08-02;688,26;57.400002;;;;;;;
2019-08-05;668;56.889999;;;;;;;
2019-08-06;672,33;56.790001;;;;;;;
2019-08-07;688,06;57.389999;;;;;;;
2019-08-08;703;56.910000;;;;;;;
2019-08-09;700,33;57.880001;;;;;;;
2019-08-12;699,44;56.900002;;;;;;;
2019-08-13;700,29;55.160000;;;;;;;
2019-08-14;685,71;57.000000;;;;;;;
2019-08-15;679,37;58.310001;;;;;;;
2019-08-16;689,76;57.919998;;;;;;;
2019-08-19;697,91;57.919998;;;;;;;
2019-08-20;698,16;58.270000;;;;;;;
2019-08-21;708,58;null;;;;;;;
2019-08-22;700,36;55.470001;;;;;;;
2019-08-23;690,64;55.959999;;;;;;;
2019-08-26;692,47;56.430000;;;;;;;
2019-08-27;692,86;58.360001;;;;;;;
2019-08-28;694,37;58.320000;;;;;;;
2019-08-29;693,32;59.110001;;;;;;;
2019-08-30;698,08;58.919998;;;;;;;
2019-09-02;705,75;59.060001;;;;;;;
2019-09-03;697,94;58.880001;;;;;;;
2019-09-04;709,55;59.360001;;;;;;;
2019-09-05;709,49;59.869999;;;;;;;
2019-09-06;706,92;60.230000;;;;;;;
2019-09-09;699,92;60.549999;;;;;;;
2019-09-10;697,8;60.860001;;;;;;;
2019-09-11;705,55;61.110001;;;;;;;
2019-09-12;702,7;60.410000;;;;;;;
2019-09-13;704,76;null;;;;;;;
2019-09-16;705,6;61.200001;;;;;;;
2019-09-17;714,54;61.730000;;;;;;;
2019-09-18;714,89;61.709999;;;;;;;
2019-09-19;725,23;61.680000;;;;;;;
2019-09-20;724,66;61.599998;;;;;;;
2019-09-23;723,06;61.180000;;;;;;;
2019-09-24;714,98;63.709999;;;;;;;
2019-09-25;713,63;62.910000;;;;;;;
2019-09-26;705,48;62.840000;;;;;;;
2019-09-27;692,79;59.990002;;;;;;;
2019-09-30;693,96;59.610001;;;;;;;
2019-10-01;690,26;59.040001;;;;;;;
2019-10-02;682,49;58.029999;;;;;;;
2019-10-03;684,3;58.200001;;;;;;;
2019-10-04;700,43;58.099998;;;;;;;
2019-10-07;698,39;58.590000;;;;;;;
2019-10-08;696,99;59.169998;;;;;;;
2019-10-09;695,17;58.259998;;;;;;;
2019-10-10;699,03;56.110001;;;;;;;
2019-10-11;703,93;55.689999;;;;;;;
2019-10-14;699,11;53.700001;;;;;;;
2019-10-15;694,23;52.770000;;;;;;;
2019-10-16;689,2;53.970001;;;;;;;
2019-10-17;696,33;53.090000;;;;;;;
2019-10-18;697,44;52.919998;;;;;;;
2019-10-21;704,1;51.009998;;;;;;;
2019-10-22;698,54;49.939999;;;;;;;
2019-10-23;695,19;49.509998;;;;;;;
2019-10-24;695,11;51.169998;;;;;;;
2019-10-25;691,68;51.110001;;;;;;;
2019-10-28;693,93;50.119999;;;;;;;
2019-10-29;691,45;49.610001;;;;;;;
2019-10-30;679,95;49.959999;;;;;;;
2019-10-31;681,44;51.720001;;;;;;;
2019-11-01;682,65;51.509998;;;;;;;
2019-11-04;679,39;52.230000;;;;;;;
2019-11-05;677,48;52.119999;;;;;;;
2019-11-06;673,51;53.500000;;;;;;;
2019-11-07;673,55;53.740002;;;;;;;
2019-11-08;674,82;52.599998;;;;;;;
2019-11-11;680,23;51.369999;;;;;;;
2019-11-12;680,81;50.080002;;;;;;;
2019-11-13;677,24;48.630001;;;;;;;
2019-11-14;681,05;46.490002;;;;;;;
2019-11-15;685,26;43.700001;;;;;;;
2019-11-18;680,1;47.720001;;;;;;;
2019-11-19;682,31;46.939999;;;;;;;
2019-11-20;677,38;47.130001;;;;;;;
2019-11-21;676,78;46.090000;;;;;;;
2019-11-22;677,12;32.869999;;;;;;;
2019-11-25;687,82;30.370001;;;;;;;
2019-11-26;690,67;34.619999;;;;;;;
2019-11-27;698,64;33.070000;;;;;;;
2019-11-28;699,38;30.770000;;;;;;;
2019-11-29;701,27;33.750000;;;;;;;
2019-12-02;700,96;28.690001;;;;;;;
2019-12-03;705,22;26.940001;;;;;;;
2019-12-04;709,42;22.299999;;;;;;;
2019-12-05;707,14;24.730000;;;;;;;
2019-12-06;713,69;22.520000;;;;;;;
2019-12-09;711,21;23.870001;;;;;;;
2019-12-10;707,65;24.370001;;;;;;;
2019-12-11;714,35;24.250000;;;;;;;
2019-12-12;719,91;23.290001;;;;;;;
2019-12-13;725,51;20.930000;;;;;;;
2019-12-16;738,55;20.230000;;;;;;;
2019-12-17;741,97;20.100000;;;;;;;
2019-12-18;739,65;21.219999;;;;;;;
2019-12-19;742,15;24.809999;;;;;;;
2019-12-20;744,44;26.090000;;;;;;;
2019-12-23;750,12;26.340000;;;;;;;
2019-12-24;751,99;24.299999;;;;;;;
2019-12-26;754,3;26.280001;;;;;;;
2019-12-27;753,73;24.600000;;;;;;;
2019-12-30;750,46;22.360001;;;;;;;
2019-12-31;751,79;20.719999;;;;;;;
2020-01-02;763,44;20.150000;;;;;;;
2020-01-03;759,34;20.000000;;;;;;;
2020-01-06;758,86;17.730000;;;;;;;
2020-01-07;757,77;-14.000000;;;;;;;
2020-01-08;760,5;13.120000;;;;;;;
2020-01-09;764,72;14.200000;;;;;;;
2020-01-10;767,16;16.780001;;;;;;;
2020-01-13;775,3;16.840000;;;;;;;
2020-01-14;782,98;12.960000;;;;;;;
2020-01-15;783,35;13.350000;;;;;;;
2020-01-16;788,57;15.640000;;;;;;;
2020-01-17;795,06;19.040001;;;;;;;
2020-01-20;795,17;19.110001;;;;;;;
2020-01-21;796,06;21.240000;;;;;;;
2020-01-22;792,92;25.520000;;;;;;;
2020-01-23;792,59;24.090000;;;;;;;
2020-01-24;798,13;23.350000;;;;;;;
2020-01-27;780,76;24.490000;;;;;;;
2020-01-28;794,41;24.490000;;;;;;;
2020-01-29;795,73;25.299999;;;;;;;
2020-01-30;786,18;25.559999;;;;;;;
2020-01-31;778,52;27.639999;;;;;;;
2020-02-03;785,63;29.530001;;;;;;;
2020-02-04;806,22;32.830002;;;;;;;
2020-02-05;821,1;31.889999;;;;;;;
2020-02-06;824,89;33.529999;;;;;;;
2020-02-07;817,63;33.950001;;;;;;;
2020-02-10;819,07;33.299999;;;;;;;
2020-02-11;839,73;34.139999;;;;;;;
2020-02-12;858,11;32.099998;;;;;;;
2020-02-13;853,52;33.680000;;;;;;;
2020-02-14;853,37;35.209999;;;;;;;
2020-02-17;853,05;35.560001;;;;;;;
2020-02-18;856,76;36.860001;;;;;;;
2020-02-19;905,68;36.759998;;;;;;;
2020-02-20;912,53;37.330002;;;;;;;
2020-02-21;903,57;39.410000;;;;;;;
2020-02-24;873,51;38.220001;;;;;;;
2020-02-25;849,63;38.500000;;;;;;;
2020-02-26;838,69;39.090000;;;;;;;
2020-02-27;808,76;36.259998;;;;;;;
2020-02-28;796,82;36.029999;;;;;;;
2020-03-02;810,65;37.049999;;;;;;;
2020-03-03;821,66;37.930000;;;;;;;
2020-03-04;844,47;37.740002;;;;;;;
2020-03-05;842,25;38.849998;;;;;;;
2020-03-06;814,55;39.180000;;;;;;;
2020-03-09;728,83;40.680000;;;;;;;
2020-03-10;733,66;39.990002;;;;;;;
2020-03-11;696,56;38.049999;;;;;;;
2020-03-12;614,73;39.090000;;;;;;;
2020-03-13;636,15;37.959999;;;;;;;
2020-03-16;573,52;39.639999;;;;;;;
2020-03-17;609,6;39.840000;;;;;;;
2020-03-18;548,52;39.779999;;;;;;;
2020-03-19;556,09;40.380001;;;;;;;
2020-03-20;563,77;40.680000;;;;;;;
2020-03-23;530,32;40.480000;;;;;;;
2020-03-24;592,18;40.869999;;;;;;;
2020-03-25;619,48;39.580002;;;;;;;
2020-03-26;640,1;40.349998;;;;;;;
2020-03-27;608,03;39.599998;;;;;;;
2020-03-30;606,24;40.549999;;;;;;;
2020-03-31;614,35;40.970001;;;;;;;
2020-04-01;590,69;40.720001;;;;;;;
2020-04-02;596,07;40.639999;;;;;;;
2020-04-03;589,71;40.650002;;;;;;;
2020-04-06;623,64;41.540001;;;;;;;
2020-04-07;639,8;41.950001;;;;;;;
2020-04-08;656,17;41.060001;;;;;;;
2020-04-09;666,5;41.259998;;;;;;;
2020-04-13;662;41.650002;;;;;;;
2020-04-14;679,07;41.130001;;;;;;;
2020-04-15;655,1;41.320000;;;;;;;
2020-04-16;652,34;40.340000;;;;;;;
2020-04-17;673,33;40.389999;;;;;;;
2020-04-20;665,38;40.779999;;;;;;;
2020-04-21;642,24;41.560001;;;;;;;
2020-04-22;652,08;42.189999;;;;;;;
2020-04-23;661,15;41.970001;;;;;;;
2020-04-24;645,48;41.500000;;;;;;;
2020-04-27;659,92;41.980000;;;;;;;
2020-04-28;678,06;41.619999;;;;;;;
2020-04-29;703,86;42.570000;;;;;;;
2020-04-30;686,57;42.330002;;;;;;;
2020-05-01;668,11;42.240002;;;;;;;
2020-05-04;664,53;42.790001;;;;;;;
2020-05-05;672,16;42.599998;;;;;;;
2020-05-06;683,16;42.740002;;;;;;;
2020-05-07;684,86;42.750000;;;;;;;
2020-05-08;707,85;42.480000;;;;;;;
2020-05-11;711,98;42.360001;;;;;;;
2020-05-12;709,34;43.389999;;;;;;;
2020-05-13;692,59;43.450001;;;;;;;
2020-05-14;686,84;42.980000;;;;;;;
2020-05-15;687,5;42.910000;;;;;;;
2020-05-18;719,98;42.830002;;;;;;;
2020-05-19;725,43;43.020000;;;;;;;
2020-05-20;731,91;41.630001;;;;;;;
2020-05-21;728,14;41.250000;;;;;;;
2020-05-22;719,78;39.480000;;;;;;;
2020-05-25;725,8;36.790001;;;;;;;
2020-05-26;746,78;37.799999;;;;;;;
2020-05-27;750,62;37.009998;;;;;;;
2020-05-28;745,69;37.320000;;;;;;;
2020-05-29;756,87;37.279999;;;;;;;
2020-06-01;766,56;38.349998;;;;;;;
2020-06-02;775,2;40.189999;;;;;;;
2020-06-03;783,3;40.970001;;;;;;;
2020-06-04;787,11;40.980000;;;;;;;
2020-06-05;801,31;39.630001;;;;;;;
2020-06-08;819,08;39.759998;;;;;;;
2020-06-09;808,8;39.599998;;;;;;;
2020-06-10;803,2;40.150002;;;;;;;
2020-06-11;760,01;40.070000;;;;;;;
2020-06-12;767,57;40.580002;;;;;;;
2020-06-15;777,13;39.160000;;;;;;;
2020-06-16;791,98;39.900002;;;;;;;
2020-06-17;778,74;38.599998;;;;;;;
2020-06-18;784,39;37.000000;;;;;;;
2020-06-19;787,37;39.349998;;;;;;;
2020-06-22;789,49;39.830002;;;;;;;
2020-06-23;801,46;39.990002;;;;;;;
2020-06-24;789,82;41.310001;;;;;;;
2020-06-25;786,5;40.400002;;;;;;;
2020-06-26;766,65;39.529999;;;;;;;
2020-06-29;790,14;40.189999;;;;;;;
2020-06-30;796,14;41.130001;;;;;;;
2020-07-01;807,71;40.880001;;;;;;;
2020-07-02;820,16;40.689999;;;;;;;
2020-07-03;825,47;40.650002;;;;;;;
2020-07-06;850,76;41.220001;;;;;;;
2020-07-07;851;40.040001;;;;;;;
2020-07-08;875,48;40.610001;;;;;;;
2020-07-09;866,2;39.689999;;;;;;;
2020-07-10;864,21;38.590000;;;;;;;
2020-07-13;859,14;38.970001;;;;;;;
2020-07-14;877,96;37.389999;;;;;;;
2020-07-15;899,05;36.070000;;;;;;;
2020-07-16;892,58;35.240002;;;;;;;
2020-07-17;904,55;37.029999;;;;;;;
2020-07-20;922,43;38.150002;;;;;;;
2020-07-21;929,58;39.169998;;;;;;;
2020-07-22;934,42;38.540001;;;;;;;
2020-07-23;941,4;37.340000;;;;;;;
2020-07-24;922,48;39.910000;;;;;;;
2020-07-27;938,55;41.790001;;;;;;;
2020-07-28;917,44;41.470001;;;;;;;
2020-07-29;919,39;40.939999;;;;;;;
2020-07-30;923,58;40.169998;;;;;;;
2020-07-31;921,51;41.439999;;;;;;;
2020-08-03;937,67;41.349998;;;;;;;
2020-08-04;969,29;41.610001;;;;;;;
2020-08-05;996,25;41.700001;;;;;;;
2020-08-06;997,72;42.459999;;;;;;;
2020-08-07;1012,15;42.840000;;;;;;;
2020-08-10;1015,58;44.820000;;;;;;;
2020-08-11;1006,09;null;;;;;;;
2020-08-12;1017,39;45.340000;;;;;;;
2020-08-13;1036,36;45.080002;;;;;;;
2020-08-14;1026,94;44.380001;;;;;;;
2020-08-17;1038,14;44.990002;;;;;;;
2020-08-18;1042,52;45.639999;;;;;;;
2020-08-19;1051,38;46.150002;;;;;;;
2020-08-20;1036,36;45.660000;;;;;;;
2020-08-21;1037,16;45.599998;;;;;;;
2020-08-24;1052,2;45.689999;;;;;;;
2020-08-25;1074,24;46.970001;;;;;;;
2020-08-26;1072,63;46.730000;;;;;;;
2020-08-27;1070,81;46.990002;;;;;;;
2020-08-28;1096,08;47.599998;;;;;;;
2020-08-31;1093,73;47.849998;;;;;;;
2020-09-01;1109,92;48.430000;;;;;;;
2020-09-02;1103,08;48.540001;;;;;;;
2020-09-03;1046,83;47.930000;;;;;;;
2020-09-04;1023,41;46.790001;;;;;;;
2020-09-07;1033,16;null;;;;;;;
2020-09-08;1021,69;48.230000;;;;;;;
2020-09-09;1050,03;47.720001;;;;;;;
2020-09-10;1035,08;48.130001;;;;;;;
2020-09-11;1032,24;48.349998;;;;;;;
2020-09-14;1061,75;48.400002;;;;;;;
2020-09-15;1078,89;47.380001;;;;;;;
2020-09-16;1087,67;49.820000;;;;;;;
2020-09-17;1063,43;50.529999;;;;;;;
2020-09-18;1066,65;50.930000;;;;;;;
2020-09-21;1056,06;52.580002;;;;;;;
2020-09-22;1061,67;52.180000;;;;;;;
2020-09-23;1058,65;53.310001;;;;;;;
2020-09-24;1048,97;52.840000;;;;;;;
2020-09-25;1069,28;53.799999;;;;;;;
2020-09-28;1118,55;52.000000;;;;;;;
2020-09-29;1145,06;53.130001;;;;;;;
2020-09-30;1176,91;52.930000;;;;;;;
2020-10-01;1211,5;53.099998;;;;;;;
2020-10-02;1210,84;52.169998;;;;;;;
2020-10-05;1267,23;52.910000;;;;;;;
2020-10-06;1282,59;52.759998;;;;;;;
2020-10-07;1339,67;52.650002;;;;;;;
2020-10-08;1345,37;52.150002;;;;;;;
2020-10-09;1362,36;51.990002;;;;;;;
2020-10-12;1335,56;53.480000;;;;;;;
2020-10-13;1332,47;55.049999;;;;;;;
2020-10-14;1347,87;55.959999;;;;;;;
2020-10-15;1334,73;56.459999;;;;;;;
2020-10-16;1332,7;57.060001;;;;;;;
2020-10-19;1328,41;58.110001;;;;;;;
2020-10-20;1347,77;58.450001;;;;;;;
2020-10-21;1295,33;58.400002;;;;;;;
2020-10-22;1285,71;57.939999;;;;;;;
2020-10-23;1286,09;59.980000;;;;;;;
2020-10-26;1266,41;60.240002;;;;;;;
2020-10-27;1256,42;61.680000;;;;;;;
2020-10-28;1246,39;60.200001;;;;;;;
2020-10-29;1254,57;58.880001;;;;;;;
2020-10-30;1244,82;62.160000;;;;;;;
2020-11-02;1265,49;61.290001;;;;;;;
2020-11-03;1283,37;63.389999;;;;;;;
2020-11-04;1266,38;63.459999;;;;;;;
2020-11-05;1349,4;61.950001;;;;;;;
2020-11-06;1361,79;60.230000;;;;;;;
2020-11-09;1362,7;59.549999;;;;;;;
2020-11-10;1346,23;61.080002;;;;;;;
2020-11-11;1387,52;64.160004;;;;;;;
2020-11-12;1386,16;66.680000;;;;;;;
2020-11-13;1379,72;64.730003;;;;;;;
2020-11-16;1387,96;63.840000;;;;;;;
2020-11-17;1387,97;64.699997;;;;;;;
2020-11-18;1374,89;65.959999;;;;;;;
2020-11-19;1384,13;65.559998;;;;;;;
2020-11-20;1404,19;65.330002;;;;;;;
2020-11-23;1430,27;64.750000;;;;;;;
2020-11-24;1445,25;64.419998;;;;;;;
2020-11-25;1471,04;59.560001;;;;;;;
2020-11-26;1467,14;61.549999;;;;;;;
2020-11-27;1498,84;61.279999;;;;;;;
2020-11-30;1500,6;57.400002;;;;;;;
2020-12-01;1482,9;60.799999;;;;;;;
2020-12-02;1468,41;58.480000;;;;;;;
2020-12-03;1463,16;60.930000;;;;;;;
2020-12-04;1464,72;61.959999;;;;;;;
2020-12-07;1473,05;60.450001;;;;;;;
2020-12-08;1505,62;59.490002;;;;;;;
2020-12-09;1481,39;61.500000;;;;;;;
2020-12-10;1491,62;58.799999;;;;;;;
2020-12-11;1503,85;59.259998;;;;;;;
2020-12-14;1523,76;59.520000;;;;;;;
2020-12-15;1586,83;59.759998;;;;;;;
2020-12-16;1594,95;59.349998;;;;;;;
2020-12-17;1622,4;59.639999;;;;;;;
2020-12-18;1648,73;60.439999;;;;;;;
2020-12-21;1671,77;62.830002;;;;;;;
2020-12-22;1732,46;63.320000;;;;;;;
2020-12-23;1764,04;62.980000;;;;;;;
2020-12-24;1761,47;63.470001;;;;;;;
2020-12-28;1769,53;Open;;;;;;;
2020-12-29;1762,35;104.309998;;;;;;;
2020-12-30;1797,23;106.620003;;;;;;;
2020-12-31;1790,76;108.290001;;;;;;;
2021-01-04;1820,22;108.199997;;;;;;;
2021-01-05;1857,2;107.989998;;;;;;;
2021-01-06;1957,09;108.669998;;;;;;;
2021-01-07;2091,74;110.320000;;;;;;;
2021-01-08;2113,52;113.279999;;;;;;;
2021-01-11;2034,27;108.970001;;;;;;;
2021-01-12;2057,05;106.019997;;;;;;;
2021-01-13;2066,96;107.320000;;;;;;;
2021-01-14;2050,51;108.449997;;;;;;;
2021-01-15;1945,6;109.430000;;;;;;;
2021-01-18;1937,8;107.519997;;;;;;;
2021-01-19;2003,68;108.449997;;;;;;;
2021-01-20;1989,51;111.370003;;;;;;;
2021-01-21;2069,5;112.339996;;;;;;;
2021-01-22;2096,08;112.150002;;;;;;;
2021-01-25;2065,98;111.889999;;;;;;;
2021-01-26;2047,86;113.129997;;;;;;;
2021-01-27;1940,97;112.820000;;;;;;;
2021-01-28;1952,31;113.889999;;;;;;;
2021-01-29;1903,24;112.980003;;;;;;;
2021-02-01;1938,84;110.680000;;;;;;;
2021-02-02;1961,06;108.779999;;;;;;;
2021-02-03;1994,52;99.760002;;;;;;;
2021-02-04;1969,89;98.110001;;;;;;;
2021-02-05;1984,14;102.440002;;;;;;;
2021-02-08;2010,16;103.690002;;;;;;;
2021-02-09;1995,09;98.589996;;;;;;;
2021-02-10;1972,93;98.809998;;;;;;;
2021-02-11;1980,07;99.360001;;;;;;;
2021-02-12;1938,84;96.980003;;;;;;;
2021-02-15;1947,72;97.570000;;;;;;;
2021-02-16;1918,15;99.760002;;;;;;;
2021-02-17;1883,06;98.599998;;;;;;;
2021-02-18;1787,02;99.680000;;;;;;;
2021-02-19;1819,98;97.540001;;;;;;;
2021-02-22;1712,09;99.269997;;;;;;;
2021-02-23;1681,1;101.239998;;;;;;;
2021-02-24;1701,08;100.160004;;;;;;;
2021-02-25;1644,59;100.690002;;;;;;;
2021-02-26;1648,4;102.680000;;;;;;;
2021-03-01;1713,13;99.790001;;;;;;;
2021-03-02;1662,67;100.870003;;;;;;;
2021-03-03;1564,73;100.419998;;;;;;;
2021-03-04;1507,22;98.820000;;;;;;;
2021-03-05;1459,23;99.580002;;;;;;;
2021-03-08;1432,4;100.830002;;;;;;;
2021-03-09;1531,63;101.839996;;;;;;;
2021-03-10;1536,22;98.769997;;;;;;;
2021-03-11;1628,16;97.089996;;;;;;;
2021-03-12;1620,06;99.680000;;;;;;;
2021-03-15;1609,64;95.290001;;;;;;;
2021-03-16;1583,95;95.099998;;;;;;;
2021-03-17;1527,92;92.800003;;;;;;;
2021-03-18;1475,75;93.489998;;;;;;;
2021-03-19;1490,46;93.760002;;;;;;;
2021-03-22;1518,88;94.400002;;;;;;;
2021-03-23;1497,87;92.290001;;;;;;;
2021-03-24;1435,88;91.160004;;;;;;;
2021-03-25;1425,88;90.709999;;;;;;;
2021-03-26;1458,28;93.370003;;;;;;;
2021-03-29;1427,25;95.080002;;;;;;;
2021-03-30;1484,38;95.120003;;;;;;;
2021-03-31;1533,55;94.980003;;;;;;;
2021-04-01;1545,43;97.000000;;;;;;;
2021-04-02;1544,81;97.040001;;;;;;;
2021-04-05;1507,87;98.790001;;;;;;;
2021-04-06;1516,13;96.099998;;;;;;;
2021-04-07;1478,16;95.089996;;;;;;;
2021-04-08;1488,27;96.720001;;;;;;;
2021-04-09;1488,18;97.589996;;;;;;;
2021-04-12;1462,8;96.029999;;;;;;;
2021-04-13;1486,54;97.370003;;;;;;;
2021-04-14;1492,75;96.160004;;;;;;;
2021-04-15;1472,34;98.110001;;;;;;;
2021-04-16;1509,91;98.360001;;;;;;;
2021-04-19;1477,12;99.199997;;;;;;;
2021-04-20;1467,67;99.760002;;;;;;;